passenger_reservations,departure_date,price_per_seat,trip_distance,departure_schedule,destination_location,all_passengers,number_of_seats,trip_precision,destination_schedule,departure_name,available_seats,trip_polyline,departure_location,auto_confirmation,driver_reference,destination_name,region,id,updated_at,created_at,viator_income
"[{'numberOfSeats': 2, 'passengerReference': 'users/2klQ8xW0LGXt5CVXVrq1oSTsnlg1'}]",2024-12-28 23:00:00.916000+00:00,684,6.68,2024-12-29T14:00:00.414000+00:00,"{'latitude': 14.7222092, 'longitude': -17.494954}",['users/2klQ8xW0LGXt5CVXVrq1oSTsnlg1'],2,,2024-12-29T14:15:05.664000+00:00,"Place du Souvenir Africain, Dakar, Sénégal",0,_ttxA~_tiBEeCLCtAP^@L@JI?OKGM@}@@qAOw@SsBaAoMuHgAc@oAUoAKeA@k@DuCd@{A^eAb@qAx@o@n@i@v@Wh@uA`ESRsAlEaJuBcAYMQSGSDMNCTFRDDA`@q@hGUx@]~@g@bAk@x@c@f@yDjCqAt@yAnAaKnJu@f@kAh@cAXu@Lk@?OOSASHINAFy@F_CKcCM_EOkA?g@DyAT}Af@_Br@kAl@{@r@o@t@cFlJiCfFaA~Ba@pAAV?LWhAm@hBEDK@EJFJJABAh@d@pFfHINBLBBm@dCe@pEI`@IL@LJHh@z@PLj@t@^p@j@lBnAxEFj@@`AEh@Ib@iCfG]`@k@`@q@Tw@Hw@EkFw@w@Cy@B[Dy@Vw@`@aJlGuAt@eC_Q^On@a@f@Ij@B~Ab@LH\?XKRUDUEGMCGDEc@KUSSa@O,"{'latitude': 14.6922026, 'longitude': -17.4746981}",True,users/2Zo07qmgs3RgKW8S5GS4ezzTPk42,"Monument de la Renaissance Africaine, Dakar, Sénégal",Dakar,Jej9ZRk5pdFZzffDPNZX,2025-04-01 17:45:03.222216,,
,2025-01-26 00:00:00+00:00,596,6.234,2025-01-26T09:20:02+00:00,"{'latitude': 14.6922026, 'longitude': -17.4746981}",,2,Petite précision,2025-01-26T09:34:14+00:00,"Monument de la Renaissance Africaine, Dakar, Sénégal",2,skzxA~_xiB`@NRRJTBd@CLSZ]FQAcBc@i@A_@H{@h@SHdC|PzA{@|IiGt@_@x@W|@I~@@nC^fC\t@?p@Mj@W\Y`@k@dC}FJq@Dw@Ce@QgAiBwGQa@c@w@]a@]{@E]AOCEZsDNoAj@oBLEDM?En@y@n@g@v@e@`A[hAQjF[hAK`AUdAc@`As@x@u@`@Qx@O`ACfA?l@CtA[n@Wn@c@pB_B\SNAFKCMMEKDGs@Za[?k@bAYtAo@v@i@~IuIbEsC~@m@vB_Bx@_At@oA^y@`@qANaAf@qETg@NKDKdA?dK`CtBcH@]X_Aj@sAb@m@v@w@~@m@x@_@zAa@lCe@`AIjA?`AFjAPr@Vl@VlDtBFPzHtEz@\b@JB`@@DBtBd@A,"{'latitude': 14.7222092, 'longitude': -17.494954}",True,users/2klQ8xW0LGXt5CVXVrq1oSTsnlg1,"Place du Souvenir Africain, Dakar, Sénégal",Dakar,R2jCbB79s1mxOutgZyzy,2025-04-01 17:45:03.222246,,
,2025-01-26 00:00:00+00:00,4052,75.478,2025-01-26T14:19:11+00:00,"{'latitude': 14.791005189132932, 'longitude': -16.935860328376293}",,1,Test 1,2025-01-26T15:38:01+00:00,"Monument de la Renaissance Africaine, Dakar, Sénégal",1,skzxA~_xiB`@NRRJTBd@CLSZ]FQAcBc@i@A_@H{@h@SFq@kEFOKsBFSCUCC`@}AXu@d@u@d@k@dCqBzM}Jv@y@\c@z@aBdAiCh@{AXk@J@FKCKAAZw@`@yAJg@JQj@kBfAkCpGcMjAsBb@k@f@c@t@k@h@WzCmAtBc@h@EhC@|Jd@lABPLR@RIHSAUMQSEC?Sk@Wy@w@}AiAuBqGsOs@cBsAaDcJaTMa@EUFQCUOO]I]Q_@q@?YDQFQAUKQQGUBONET@J_@Re@Hg@DyAKsFu@m@BmAOcAEuEIsMa@sC?k@BiDZaEn@}AT}IfByDp@kAVcBToF~@qFfAyCZkBJiCF{BE{CSwAOeBYmBc@oF{AmCm@a@CcCc@aDu@_L_DoAc@{BgA_B{@}AcAoC_CmAuAcB}BaAeBgAeC}BqHu@sCU}AE}@Hs@h@sBBk@EiADg@Nk@dAyBBQbAmBp@gBb@gB\sBfDe_@nCg[~A{P`AuKp@eIDc@j@oCTaA\gAXm@r@cA\a@z@o@`@SfA_@tA[j@I\M~@WRKj@o@Nk@Bq@CUOe@IOcAmAu@u@OIOCq@_Aq@u@EMqAqBq@wA_AeCG][aA_@wAi@qCyD{XcBqLmAkJsC{W}AiRSsCKiDByKBsFEyCMkEEcEFqBRwBRqA^_BdAcDvEuMhDyJv@cCl@yCZ}BNwBB{DIaC_@uD}@}GOy@]uAu@yB]{@}@eB{@_Bs@cBq@qB}E{Pe@iBoAaG{@gFaFq[wBaMcB{Ha@_Bs@oCcCyHwSoj@eAaD{@{CyAqGwA_IyLws@gIqc@iAgH{@aHO{Au@eJ[oFMiEAsAIoECoHDeHLcHVkG`@oG`AyKvBmNnAwGvIc`@nCeNVyA`A}Gn@kFv@}HXyDrAmQh@}Hn@oIrDqg@\mDl@{EbAuFdAyExByHpDqK|D_LfAeDnC}HrAcE~AqEbE}LdDkJv@mCz@iDv@sDr@oEd@_E~BgQ|@sFz@eE~@yDdAqDrIeVd@gBj@yAd@iAvEiNb@sApAuEbBgI|@wEh@iDhA}Ft@uEt@aEj@qCfCmNbDqRbBeKlBuLp@wElCyP~AgKl@yDPmAbE{WlAqKZiEZ{HJmF@cBKcJI_De@kI[qEOkCQaC[{E}@iNiEio@uA{Se@cFq@wFs@eEk@uCkBqIaBiGsCsI}@eC_GqOaAgCiHkR{@uCa@{Aq@sD]cEKyDAwBNoDNyBh@sDj@aCp@aCbAmCr@_Bn@kAxCqEbBcCf@y@tAmCt@kBf@cBt@cDVmA\{CTgDByBIyb@AyDA}DD}CNiCRoB|@iFZqAhAiDl@{ApAkCp@oAv@iAnBcCdCcCtHwGxDgEdCaD~ByDfCaFxB_Gh@eBdAkEz@}Eb@iDN}ApBi[b@qFv@uKX}Dj@mIhAoQ`@uEf@qEv@wFTkD`@_ENkBn@wF^cFXoBhBcJn@oCfAoDpAaDdC}FbDwId@gBz@uDd@cBhF{UtEmXz@eEnAiFtDgNl@kB|FiTfAkEtEePjEqPrBkIrH}XnAaFbB}HtBoLjBoMnA_LpAqOj@oJRcHFgCNcIBeFAyKM{IIkDa@}Ig@sIu@yI}AqOUyCKiDCsCH{FT}FJeAx@uGv@aElAcFnAsDbAoCxBuE`AeB~BqDxBuCtB_ChCeC~@y@`CkBlAc@rDaBpAg@|DsAnC{@xEo@|AGrAAl@D`C^fC^~AFvACnAKr@OtAa@|@]~A}@~A}A|@qAj@eAl@oBRqANyA@iBIaBK}@e@}BMe@i@gAmAsBcCwDuAaCoGqJ}BoC}CcDyFsF_GkEuCgByI_GoFiDuGuEwBcBeB_BsF{FsEwFmBsCgDsFwBsEwBcFoAoDsBeHo@iCe@aCuZeeBmF_[_D{Ps@iDaB_HcEgOcFyNcBsEeE}JaBoDcLgUgEiI_FkL_B}EcBiG_AqD{BoMGqCG}@FmARkAd@aAz@}ATFZCVMNYD]Ia@SSYI[BWNORiBB{GY_AQg@QOU[O[@WJGF]JkAFw@@oHYkXuAmAM{AYwFaBiCy@g}@sW_WoHoLsDmi@wOsBq@{OqEwYwIyZwIu@Y{Ac@kIgCoBg@cW{Hs@Ss@a@g@c@eA{AmAwBUOKAWu@_AeBES_Via@iHuL[TQZE`@Hb@JRCv@sBhBgA|@yDtB_AXi@@q@GUrBQ|@gDO,"{'latitude': 14.7222092, 'longitude': -17.494954}",True,users/2klQ8xW0LGXt5CVXVrq1oSTsnlg1,"Q3R7+CM2 Thiès, Sénégal
722-748, Rue de la Mairie, Thiès Nord, Thies, Thiès Region",Thiès,test_trip_1737898588550,2025-04-01 17:45:03.222269,2025-01-26 13:36:28.550000+00:00,
,2025-01-26 00:00:00+00:00,3958,71.105,2025-01-26T14:56:27+00:00,"{'latitude': 14.791005189132932, 'longitude': -16.935860328376293}",,1,,2025-01-26T16:28:59+00:00,"Monument de la Renaissance Africaine, Dakar, Sénégal",1,skzxA~_xiB`@NRRJTBd@CLSZ]FQAcBc@i@A_@H{@h@SFq@kEFOKsBFSCUCC`@}AXu@d@u@d@k@dCqBzM}Jv@y@\c@z@aBdAiCh@{AXk@J@FKCKAAZw@`@yAJg@JQj@kBfAkCpGcMjAsBb@k@f@c@t@k@h@WzCmAtBc@h@EhC@|Jd@lABPLR@RIHSAUMQSEC?Sk@Wy@w@}AiAuBqGsOs@cBsAaDcJaTMa@EUFQCUOO]I]Q_@q@?YDQFQAUKQQGUBONET@J_@Re@Hg@DyAKsFu@m@BmAOcAEuEIsMa@sC?k@BiDZaEn@}AT}IfByDp@kAVcBToF~@qFfAyCZkBJiCF{BE{CSwAOeBYmBc@oF{AmCm@a@CcCc@aDu@_L_DoAc@{BgA_B{@}AcAoC_CmAuAcB}BaAeBgAeC}BqHu@sCU}AE}@Hs@h@sBBk@EiADg@Nk@dAyBBQbAmBp@gBb@gB\sBfDe_@nCg[~A{P`AuKp@eIDc@j@oCTaA\gAXm@r@cA\a@z@o@`@SfA_@tA[j@I\M~@WRKj@o@Nk@Bq@CUOe@IOcAmAu@u@OIOCq@_Aq@u@EMqAqBq@wA_AeCG][aA_@wAi@qCyD{XcBqLmAkJsC{W}AiRSsCKiDByKBsFEyCMkEEcEFqBRwBRqA^_BdAcDvEuMhDyJv@cCl@yCZ}BNwBB{DIaC_@uD}@}GOy@]uAu@yB]{@}@eB{@_Bs@cBq@qB}E{Pe@iBoAaG{@gFaFq[wBaMcB{Ha@_Bs@oCcCyHwSoj@eAaD{@{CyAqGwA_IyLws@gIqc@iAgH{@aHO{Au@eJ[oFMiEAsAIoECoHDeHLcHVkG`@oG`AyKvBmNnAwGvIc`@nCeNVyA`A}Gn@kFv@}HXyDrAmQh@}Hn@oIrDqg@\mDl@{EbAuFdAyExByHpDqK|D_LfAeDnC}HrAcE~AqEbE}LdDkJv@mCz@iDv@sDr@oEd@_E~BgQ|@sFz@eE~@yDdAqDrIeVd@gBj@yAd@iAvEiNb@sApAuEbBgI|@wEh@iDhA}Ft@uEt@aEj@qCfCmNbDqRbBeKlBuLp@wElCyP~AgKl@yDPmAbE{WlAqKZiEZ{HJmF@cBKcJI_De@kI[qEOkCQaC[{E}@iNiEio@uA{Se@cFq@wFs@eEk@uCkBqIaBiGsCsI}@eC_GqOaAgCiHkR{@uCa@{Aq@sD]cEKyDAwBNoDNyBh@sDj@aCp@aCbAmCr@_Bn@kAxCqEbBcCf@y@tAmCt@kBf@cBt@cDVmA\{CTgDByBIyb@AyDA}DD}CNiCRoB|@iFZqAhAiDl@{ApAkCp@oAv@iAnBcCdCcCnAgARInFgEdCqB`@Wf@Qh@Gn@Bp@P\R^b@T`@Jh@@l@C`@Of@]h@a@Zm@ZkDpAkBz@mB`A_Br@UFMASEE@s@y@y@mBw@eCI}@@YDSGSQKM?g@cAeMgb@aKo_@cBcGoAgD{@sBuAyCaOmZ}BmEa@o@u@aAeLwK{LmL{r@cq@gHwGyE{EkAeBwKiR{AqCaGcP_Wqr@eAeDk@mCc@qCQ{BGsAAuFFwM@iEv@cm@P}]FuL?}DDyGDaCDgARcCdCcU|@oHdGyi@bA{IToC~@_JHgAHaB@kBAeAiAwRuAcViAgTIqB?aCHmCzCmc@lCga@r@uKFyADuBAcCm@kJKuB_AgOWeEiAuPoAcSsA}R_BsWGsAg@mF{Lsw@sG_c@cAiGa@{A[_Aw@iBoAqBgAoAwBkBk@_@mEaCmO_IcCwAe@]oAkAmA{AeA_Bu@wAaSic@_LcVaI_Qs@gBo@uBy@iDe@iDOkBMiEAi@BqAl@kKpDql@^oFV{E\oFlD_l@n@yJBk@Ja@f@sHAi@x@gMP_C^aHLaBFmC?oAOkDa@yCe@{Bi@kBo@gB_AeBES_Via@iHuL[TQZE`@Hb@JRCv@sBhBgA|@yDtB_AXi@@q@GUrBQ|@gDO,"{'latitude': 14.7222092, 'longitude': -17.494954}",True,users/2klQ8xW0LGXt5CVXVrq1oSTsnlg1,"Q3R7+CM2 Thiès, Sénégal
722-748, Rue de la Mairie, Thiès Nord, Thies, Thiès Region",Thiès,test_trip_1737899857825,2025-04-01 17:45:03.222291,2025-01-26 13:57:37.825000+00:00,
,2025-01-26 00:00:00+00:00,1701,33.548,2025-01-26T18:39:19+00:00,"{'latitude': 14.764961732211315, 'longitude': -17.276545464992523}",,2,,2025-01-26T19:39:22+00:00,"Monument de la Renaissance Africaine, Dakar, Sénégal",2,skzxA~_xiB`@NRRJTDb@ENSZ]FQAcBc@i@A_@H{@h@SFq@kEFOKsBFSCUCC`@}AXu@d@u@d@k@dCqBzM}Jv@y@\c@z@aBdAiCh@{AXk@J@FKCKAAZw@`@yAJg@JQj@kBfAkCpGcMjAsBb@k@f@c@t@k@h@WzCmAtBc@h@EhC@|Jd@jA@NLTBPGJS?UKQSGE?Sk@Wy@w@}AiAuBqGsOs@cBsAaDcJaTMa@EUFMCWMO_@K]Q_@q@?YBOHSAUKQQGUBONET@J_@Re@Hg@DyAKsFu@m@BmAOcAEuEIsMa@sC?k@BiDZaEn@}ATeGjAmB`@cDj@kAVcBToF~@qFfAyCZkBJiCF{BE{CSwAOeBYmBc@oF{AmCm@KAUAcCc@aDu@_L_DoAc@{BgA_B{@}AcAoC_CmAuAcB}BaAeBgAeC}BqHu@sCcB}EoBeFgHsQuCsGkDaHmA_ByAyA{@s@eAu@uAs@wB_AyBs@cKuD}EcBiMsEyPwGmAs@{@m@mAkAq@y@c@u@s@yAi@eB]}AiAwH{@_H_BuNi@cDaCeJ}BwJ{@yCw@gBaBsCc@o@oAaCe@qAcBcFcDsIoCwJaA{FQgAs@iDc@cCqBmJsBwH{@sD_C}JUeAeAsE{CyKyA}FgDoKUu@cAaDoB{IuBmJsCyJ{CsJaFkOgFeQ{Ke`@k@uBgPof@aFuPoKm_@gSet@_Jy[Ga@NSBWEYGMYKG?_@m@kFsR{BaI{Xg}@iMec@uF}R[kAAk@WaBUgA}@cDBORUrASxAOnLgBrAQjAYjEsA~A]PS|Ac@zBUzGOjBE`Ig@XIlBEfBOzCi@]_DGcAGe@EgAAeCDaAR{AHwA@oAZsBhAeENWh@i@FMDSZgCZe@hB}CtAsB`BgBdC{BdBkAtBoArCoApBq@vR_GfIiC~Ai@~FeBzDoAjDcA~@a@p@QLG@InMwJvLeJnAcABElCmBPEf@[LAFM?C`GoEzDsClAiAb@a@~AqBrB{Ct@}AfJySfHsOx@uB~@qBx@yAr@aAtAqAzI}HrAgAnAoAf@k@p@cAb@w@^w@r@kBf@iBfFsRLEBOGIjAgErBqHd@oBJW~EgRhA{DlA{E]MOKoA_BiGqJqD{Eo@w@wHeMqCgEsF{IgJeO_AuAcAr@,"{'latitude': 14.7222092, 'longitude': -17.494954}",True,users/2klQ8xW0LGXt5CVXVrq1oSTsnlg1,"QP7F+X9P Jaxaay-Parcelle-Niakoul Rap, Sénégal
Route Sans Nom, Rufisque, Région de Dakar",Dakar,test_trip_1737913469011,2025-04-01 17:45:03.222312,2025-01-26 17:44:29.011000+00:00,
,2025-01-29 00:00:00+00:00,584,6.233,2025-01-29T10:08:26+00:00,"{'latitude': 14.6922026, 'longitude': -17.4746981}",,2,"Je demande à chacun de voyager avec une seule petite valise ou un sac à dos, l’espace dans le coffre étant limité.",2025-01-29T10:22:38+00:00,"Monument de la Renaissance Africaine, Dakar, Sénégal",2,skzxA~_xiB`@NRRJTDb@ENSZ]FQAcBc@i@A_@H{@h@SFdC~PzA{@|IiGt@_@x@W|@I~@@nC^fC\t@?p@Mj@W\Y`@k@dC}FJq@Dw@Ce@QgAiBwGQa@c@w@]a@]{@EY?OEIZsDNoAj@oBLEDM?En@y@n@g@v@e@`A[hAQjF[hAK`AUdAc@`As@x@u@`@Qx@O`ACfA?l@CtA[n@Wn@c@pB_B\SL?HKCOMEKDGs@Za[?k@bAYtAo@v@i@~IuIbEsC~@m@vB_Bx@_At@oA^y@`@qANaAf@qETg@NKDKdA?`JtBb@J~@}Ct@eC@]X_Aj@sAb@m@v@w@~@m@x@_@zAa@lCe@`AIjA?`AFjAPr@Vl@VlDtBFPzHtEz@\b@JB`@@DBtBd@A,"{'latitude': 14.7222092, 'longitude': -17.494954}",True,users/2klQ8xW0LGXt5CVXVrq1oSTsnlg1,"Place du Souvenir Africain, Dakar, Sénégal",Dakar,test_trip_1738141727839,2025-04-01 17:45:03.222332,2025-01-29 09:08:47.839000+00:00,
,2025-01-29 00:00:00+00:00,697,6.16,2025-01-29T10:10:55+00:00,"{'latitude': 14.7222092, 'longitude': -17.494954}",,1,"Les animaux de compagnie sont les bienvenus, à condition qu’ils soient de petite taille!",2025-01-29T10:22:44+00:00,"Place du Souvenir Africain, Dakar, Sénégal",1,_ttxA~_tiBEeCLCtAP\?LDLI@OKIM@s@@sAMaAUsBaAoMuHgAc@oAUoAKeA@k@DuCd@{A^eAb@qAx@o@n@i@v@Wh@uA`E}ArFyAxEi@zAgAfDc@t@aIpK}CrDQ\Un@k@`CSj@QXMHALa@j@iFpEsArAkBzB_CfDaAdAmA~@cAj@MBEJSTwBbB_Al@iA\{@LeA@iAAs@Hg@Pc@VyAnAcAf@mAZw@JiG^gAPaAZs@^g@`@q@n@UNQBGL@NBBm@dCe@pEG^KL@NJHh@z@PLj@t@^p@j@lBnAxEFj@@`AEh@Ib@iCfG]`@k@`@q@Tw@Hw@EkFw@w@Cy@B[Dy@Vw@`@aJlGuAt@eC_Q^On@a@f@Ij@B~Ab@LH\?XKRU?EDMEIMCGDEc@KUSSa@O,"{'latitude': 14.6922026, 'longitude': -17.4746981}",True,users/2klQ8xW0LGXt5CVXVrq1oSTsnlg1,"Monument de la Renaissance Africaine, Dakar, Sénégal",Dakar,test_trip_1738141861812,2025-04-01 17:45:03.222353,2025-01-29 09:11:01.812000+00:00,
,2025-01-29 00:00:00+00:00,1132,12.454,2025-01-29T10:12:33+00:00,"{'latitude': 14.6697094, 'longitude': -17.4320111}",,1,Je préfère que les passagers soient non-fumeurs. Merci de ne pas fumer dans la voiture. Merci!,2025-01-29T10:37:15+00:00,"Monument de la Renaissance Africaine, Dakar, Sénégal",1,skzxA~_xiB`@NRRJTDb@ENSZ]FQAcBc@i@A_@H{@h@SFdC~PzA{@|IiGt@_@x@W|@I~@@nC^fC\t@?p@Mj@W\Y`@k@dC}FJq@Dw@Ce@QgAiBwGQa@c@w@]a@]{@EY?OEIZsDNoAj@oBLEDM?En@y@n@g@v@e@`A[hAQjF[hAK`AUdAc@`As@x@u@`@Qx@O`ACfA?l@CtA[n@Wn@c@pB_B\SNAFK?ETS~AgAfAeAl@y@vB{CbCqCbCyBhCwBl@m@LG@MAETg@Ng@h@_CZw@b@o@`CmCv@kAzGaJ^y@tAkEp@oBrAmEhBgGX_Aj@sAb@m@v@w@~@m@x@_@zAa@lCe@`AIjA?`AFjAPr@Vl@V|M`If@Vr@TnA\tAP\?LDJGx@IdJcBfA_@r@a@hAcArAsA^g@Xa@\}@Pq@v@mEZ_AZg@^e@r@m@t@]jD{@r@EPAHKx@[`GwA`AGlABvHbApAF`AC`AK~A_@fF_B`A]l@]r@o@^e@f@mARiADgABwKAIFMCQIEGYo@qAg@q@cF_F_@i@]y@Qw@Gu@D_ALaAZaAXg@|CsD~D{EvBoCf@_AZgATwADkAAwD@YNw@NYRWzAsAhEmDLQd@mAlDgLrBmFvBmF\m@p@{@vHeI|CyCbCqBVSHSnAy@dB{@FIAQKQi@{@_BoG{@gEm@wDYsKAI]yMKeGIoBCuDrCI\[Fa@As@MS[M{DF,"{'latitude': 14.7222092, 'longitude': -17.494954}",True,users/2klQ8xW0LGXt5CVXVrq1oSTsnlg1,"Place de l'Independance, Rue de Essarts, Dakar, Sénégal",Dakar,test_trip_1738141959604,2025-04-01 17:45:03.222374,2025-01-29 09:12:39.604000+00:00,
,2025-01-29 00:00:00+00:00,1334,15.414,2025-01-29T10:13:40+00:00,"{'latitude': 14.759156437918444, 'longitude': -17.385580949485302}",,1,,2025-01-29T10:45:07+00:00,"PGFQ+R7M Dakar, Sénégal
6345-6472, Rue LIB 147, Sicap-Liberté, Région de Dakar",1,w|zxAlnqiBcD~DM@IEcDoCELiDfE_EbF_@n@IXq@u@YKU?]B{ABiKh_@wBjIEl@D^N\pBhDl@jA?TGLILyCZkBJiCF{BE{CSwAOeBYmBc@oF{AmCm@KAUAcCc@aDu@_L_DoAc@{BgA_B{@}AcAoC_CmAuAcB}BaAeBgAeC}BqHu@sCcB}EoBeFgHsQuCsGkDaHmA_ByAyA{@s@eAu@uAs@wB_AyBs@cKuD}EcBiMsEyPwGmAs@{@m@mAkAq@y@c@u@s@yAi@eB]}AiAwH{@_H_BuNi@cDaCeJ}BwJ{@yCw@gBaBsCc@o@oAaCe@qAcBcFcDsIoCwJaA{FQgAs@iDc@cCqBmJsBwH{@sD_C}JUeAeAsE{CyKyA}FgDoKUu@IaAUcBe@eBa@q@kAoFDQvCc@bDy@pAk@dAs@RBLIDQEOf@Cn@Or@U~HaDn@Kx@FrBd@k@oH~C[_CcLOi@C[_CgIc@sAGi@?_@Lw@^y@xA_Cd@g@j@_Ap@}@DU~D}F`CqBpAoBh@gAhBkCd@f@~A`AdFzBn@PBNLHLAHIBMGOj@{CdA}Gn@iEr@eEdAsF\_AzIkQfAsBN@LI@QCGL_@|HcPjAn@x@n@lDbCn@gA,"{'latitude': 14.72458893882613, 'longitude': -17.461818046867847}",True,users/2klQ8xW0LGXt5CVXVrq1oSTsnlg1,"QJ57+MQ7 Pikine, Sénégal
Route Sans Nom, Pikine, Région de Dakar",Dakar,test_trip_1738142023765,2025-04-01 17:45:03.222395,2025-01-29 09:13:43.765000+00:00,
,2025-01-29 00:00:00+00:00,1228,12.611,2025-01-29T10:29:24+00:00,"{'latitude': 14.6697094, 'longitude': -17.4320111}",,1,,2025-01-29T10:58:05+00:00,"Monument de la Renaissance Africaine, Dakar, Sénégal",1,skzxA~_xiB`@NRRJTDb@ENSZ]FQAcBc@i@A_@H{@h@SFdC~PzA{@|IiGt@_@x@W|@I~@@nC^fC\t@?p@Mj@W\Y`@k@dC}FJq@Dw@Ce@QgAiBwGQa@c@w@]a@]{@EY?OEIZsDNoAj@oBLEDM?En@y@n@g@v@e@`A[hAQjF[hAK`AUdAc@`As@x@u@`@Qx@O`ACfA?l@CtA[n@Wn@c@pB_B\SL?HKCOMEKDGs@Za[?k@bAYtAo@v@i@~IuIbEsC~@m@vB_Bx@_At@oA^y@`@qANaAf@qETg@NKHSEWCEJm@Te@lEaGjDiEr@eAzI}KfAqABOtCyDBM~@m@d@c@tAgBh@}@BK`AiA~SaXr@s@b@]P?NKDSGQOGEAU_@uEif@H_AHS@SM[MKOAaBgBwMgNmAaAaBeBg@u@a@{@Uw@QaAKmA?qA^}ELKBQGMJc@dA_BXw@Lm@JcBCw@Mw@Uo@AOYw@AO?c@JY?UnAeAjCiChBmArQj@jFLtCEfAE`Dc@vPiC~Ci@tDk@pCk@bAYJIFMzB}@hC{AdM{H`BgA^M^ULOJEDOAWCCZS^K\[`AcA~@s@`GyCpAy@x@u@x@cAl@iAv@mBZg@b@_@xAeATWZe@TIHS?UnEqBv@Wd@GrGIzEEXZLHZTRJlFGjAE\[Fa@As@MS[M{DF,"{'latitude': 14.7222092, 'longitude': -17.494954}",True,users/2klQ8xW0LGXt5CVXVrq1oSTsnlg1,"Place de l'Independance, Rue de Essarts, Dakar, Sénégal",Dakar,test_trip_1738142969467,2025-04-01 17:45:03.222422,2025-01-29 09:29:29.467000+00:00,
,2025-01-29 00:00:00+00:00,1016,10.234,2025-01-29T10:38:01+00:00,"{'latitude': 14.716677047613963, 'longitude': -17.46768604964018}",,1,,2025-01-29T11:00:20+00:00,"Place de l'Independance, Rue de Essarts, Dakar, Sénégal",1,ydpxA|rkiB_CH[FGFET@fAZTRJdDCBtDN~ELfHRtGYLMJn@lATfJn@`EdA~ErAlFBl@Mn@uDdDmFbFkJvJm@z@_@r@qEdLiEjNSb@_@d@y@n@{ApAmA`Ay@t@Yf@Qj@EX?rFGx@]bB]z@g@x@eElF_ErEu@z@k@bAY`AOhA?n@HdAT~@Vl@`@j@pFlFXh@f@fB?PDHHZD`@GdKEn@Mp@]z@[j@o@n@u@f@mAb@oGjBaARaAFiA@mBQsG{@gA?}@JiGvAs@DO@IJ]NoD|@_Ab@{@p@u@fAUf@[zAm@~C[hAYj@aAjAsBlBaAn@oA`@eIvAmAHAC?a@KOY[iCyJiDoMaAyD[m@{BoBaH}FcAu@MKgBvBoA~A_A`Ai@`@u@\iIpCqEnAsBb@cFx@eHbAyG`AaI~AkMfB_IjAg@?kDPcCNaCFuCAiAGq@Mw@][[CUOO[OU_@wDuIwAiDp@Y|@_@_@aA,"{'latitude': 14.6697094, 'longitude': -17.4320111}",True,users/2klQ8xW0LGXt5CVXVrq1oSTsnlg1,"PG8J+MWG Dakar, Sénégal
142-123, Rue SC 93, Mermoz-Sacré-Cœur, Région de Dakar",Dakar,test_trip_1738143490809,2025-04-01 17:45:03.222456,2025-01-29 09:38:10.809000+00:00,
,2025-01-29 00:00:00+00:00,856,11.913,2025-01-29T11:25:02+00:00,"{'latitude': 14.6697094, 'longitude': -17.4320111}",,2,,2025-01-29T11:51:56+00:00,"Monument de la Renaissance Africaine, Dakar, Sénégal",2,skzxA~_xiB`@NRRJTDb@ENSZ]FQAcBc@i@A_@H{@h@SFq@kEFOKsBFSCUCC`@}AXu@d@u@d@k@dCqBzM}Jv@y@\c@z@aBdAiCh@{AXk@J@FKCKAAZw@`@yAJg@JQj@kBfAkCpGcMjAsBb@k@f@c@t@k@h@WzCmAtBc@h@EhC@|Jd@jA@NLTBPGJSb@K`B]\KtAo@v@i@~IuIbEsC~@m@vB_Bx@_At@oA^y@`@qANaAf@qETg@NKDKdA?`JtBb@J~@}Ct@eC@]X_Aj@sAb@m@v@w@~@m@x@_@zAa@lCe@`AIjA?`AFjAPr@Vl@V|M`If@Vr@TnA\tAP\?LDJGx@IdJcBfA_@r@a@hAcArAsA^g@Xa@\}@Pq@v@mEZ_AZg@^e@r@m@t@]jD{@r@EPAHKx@[`GwA`AGlABvHbApAF`AC`AK~A_@fF_B`A]l@]r@o@^e@f@mARiADgABwKAIFMCQIEGYo@qAg@q@cF_F_@i@]y@Qw@Gu@D_ALaAZaAXg@|CsD~D{EvBoCf@_AZgATwADkAAwD@YNw@NYRWzAsAhEmDLQd@mAlDgLrBmFvBmF\m@p@{@vHeI|CyCbCqBVSHSnAy@dB{@FIAQKQi@{@_BoG{@gEm@wDYsKAI]yMKeGIoBCuDrCI\[Fa@As@MS[M{DF,"{'latitude': 14.7222092, 'longitude': -17.494954}",True,users/2klQ8xW0LGXt5CVXVrq1oSTsnlg1,"Place de l'Independance, Rue de Essarts, Dakar, Sénégal",Dakar,test_trip_1738146313176,2025-04-01 17:45:03.222498,2025-01-29 10:25:13.176000+00:00,
,2025-01-29 00:00:00+00:00,1132,12.454,2025-01-29T11:27:02+00:00,"{'latitude': 14.6697094, 'longitude': -17.4320111}",,1,,2025-01-29T11:51:44+00:00,"Monument de la Renaissance Africaine, Dakar, Sénégal",1,skzxA~_xiB`@NRRJTDb@ENSZ]FQAcBc@i@A_@H{@h@SFdC~PzA{@|IiGt@_@x@W|@I~@@nC^fC\t@?p@Mj@W\Y`@k@dC}FJq@Dw@Ce@QgAiBwGQa@c@w@]a@]{@EY?OEIZsDNoAj@oBLEDM?En@y@n@g@v@e@`A[hAQjF[hAK`AUdAc@`As@x@u@`@Qx@O`ACfA?l@CtA[n@Wn@c@pB_B\SNAFK?ETS~AgAfAeAl@y@vB{CbCqCbCyBhCwBl@m@LG@MAETg@Ng@h@_CZw@b@o@`CmCv@kAzGaJ^y@tAkEp@oBrAmEhBgGX_Aj@sAb@m@v@w@~@m@x@_@zAa@lCe@`AIjA?`AFjAPr@Vl@V|M`If@Vr@TnA\tAP\?LDJGx@IdJcBfA_@r@a@hAcArAsA^g@Xa@\}@Pq@v@mEZ_AZg@^e@r@m@t@]jD{@r@EPAHKx@[`GwA`AGlABvHbApAF`AC`AK~A_@fF_B`A]l@]r@o@^e@f@mARiADgABwKAIFMCQIEGYo@qAg@q@cF_F_@i@]y@Qw@Gu@D_ALaAZaAXg@|CsD~D{EvBoCf@_AZgATwADkAAwD@YNw@NYRWzAsAhEmDLQd@mAlDgLrBmFvBmF\m@p@{@vHeI|CyCbCqBVSHSnAy@dB{@FIAQKQi@{@_BoG{@gEm@wDYsKAI]yMKeGIoBCuDrCI\[Fa@As@MS[M{DF,"{'latitude': 14.7222092, 'longitude': -17.494954}",True,users/2klQ8xW0LGXt5CVXVrq1oSTsnlg1,"Place de l'Independance, Rue de Essarts, Dakar, Sénégal",Dakar,test_trip_1738146430960,2025-04-01 17:45:03.222531,2025-01-29 10:27:10.960000+00:00,
,2025-01-29 00:00:00+00:00,1167,11.913,2025-01-29T12:04:51+00:00,"{'latitude': 14.6697094, 'longitude': -17.4320111}",,1,,2025-01-29T12:31:45+00:00,"Monument de la Renaissance Africaine, Dakar, Sénégal",1,skzxA~_xiB`@NRRJTDb@ENSZ]FQAcBc@i@A_@H{@h@SFq@kEFOKsBFSCUCC`@}AXu@d@u@d@k@dCqBzM}Jv@y@\c@z@aBdAiCh@{AXk@J@FKCKAAZw@`@yAJg@JQj@kBfAkCpGcMjAsBb@k@f@c@t@k@h@WzCmAtBc@h@EhC@|Jd@jA@NLTBPGJSb@K`B]\KtAo@v@i@~IuIbEsC~@m@vB_Bx@_At@oA^y@`@qANaAf@qETg@NKDKdA?`JtBb@J~@}Ct@eC@]X_Aj@sAb@m@v@w@~@m@x@_@zAa@lCe@`AIjA?`AFjAPr@Vl@V|M`If@Vr@TnA\tAP\?LDJGx@IdJcBfA_@r@a@hAcArAsA^g@Xa@\}@Pq@v@mEZ_AZg@^e@r@m@t@]jD{@r@EPAHKx@[`GwA`AGlABvHbApAF`AC`AK~A_@fF_B`A]l@]r@o@^e@f@mARiADgABwKAIFMCQIEGYo@qAg@q@cF_F_@i@]y@Qw@Gu@D_ALaAZaAXg@|CsD~D{EvBoCf@_AZgATwADkAAwD@YNw@NYRWzAsAhEmDLQd@mAlDgLrBmFvBmF\m@p@{@vHeI|CyCbCqBVSHSnAy@dB{@FIAQKQi@{@_BoG{@gEm@wDYsKAI]yMKeGIoBCuDrCI\[Fa@As@MS[M{DF,"{'latitude': 14.7222092, 'longitude': -17.494954}",True,users/2klQ8xW0LGXt5CVXVrq1oSTsnlg1,"Place de l'Independance, Rue de Essarts, Dakar, Sénégal",Dakar,test_trip_1738148695660,2025-04-01 17:45:03.222558,2025-01-29 11:04:55.660000+00:00,
,2025-01-29 00:00:00+00:00,1110,12.473,2025-01-29T12:12:59+00:00,"{'latitude': 14.7222092, 'longitude': -17.494954}",,1,,2025-01-29T12:37:10+00:00,"Place de l'Independance, Rue de Essarts, Dakar, Sénégal",1,ydpxA|rkiB_CH[FGFET@fAZTRJdDCBtDN~ELfHRtGYLMJn@lATfJn@`EdA~ErAlFBl@Mn@uDdDmFbFkJvJm@z@_@r@qEdLiEjNSb@_@d@y@n@{ApAmA`Ay@t@Yf@Qj@EX?rFGx@]bB]z@g@x@eElF_ErEu@z@k@bAY`AOhA?n@HdAT~@Vl@`@j@pFlFXh@f@fB?PDHHZD`@GdKEn@Mp@]z@[j@o@n@u@f@mAb@oGjBaARaAFiA@mBQsG{@gA?}@JiGvAs@DO@IJ]NoD|@_Ab@{@p@u@fAUf@[zAm@~C[hAYj@aAjAsBlBaAn@oA`@eIvAmAHMGKBcA?{ASe@MsBaAoMuHgAc@oAUoAKeA@k@DuCd@{A^eAb@qAx@o@n@i@v@Wh@uA`E}ArFyAxEi@zAgAfDc@t@aIpK}CrDQ\Un@k@`CSj@QXMHALa@j@iFpEsArAkBzB_CfDaAdAmA~@cAj@MBEJSTwBbB_Al@iA\{@LeA@iAAs@Hg@Pc@VyAnAcAf@mAZw@JiG^gAPaAZs@^g@`@q@n@UNQBGL@NBBm@dCe@pEG^KL@NJHh@z@PLj@t@^p@j@lBnAxEFj@@`AEh@Ib@iCfG]`@k@`@q@Tw@Hw@EkFw@w@Cy@B[Dy@Vw@`@aJlGuAt@eC_Q^On@a@f@Ij@B~Ab@LH\?XKRU?EDMEIMCGDEc@KUSSa@O,"{'latitude': 14.6697094, 'longitude': -17.4320111}",True,users/2klQ8xW0LGXt5CVXVrq1oSTsnlg1,"Monument de la Renaissance Africaine, Dakar, Sénégal",Dakar,test_trip_1738149188509,2025-04-01 17:45:03.222590,2025-01-29 11:13:08.509000+00:00,
,2025-01-29 00:00:00+00:00,779,6.705,2025-01-29T12:13:40+00:00,"{'latitude': 14.7222092, 'longitude': -17.494954}",,1,,2025-01-29T12:28:15+00:00,"Place du Souvenir Africain, Dakar, Sénégal",1,_ttxA~_tiBEeCLCtAP\?LDLI@OKIM@s@@sAMaAUsBaAoMuHgAc@oAUoAKeA@k@DuCd@{A^eAb@qAx@o@n@i@v@Wh@uA`ESRsAlEaJuBcAWKQQGU@OLETFTFFA`@g@zEO~@m@fBg@bAk@x@c@f@yDjCqAt@yAnAaKnJu@f@kAh@cAXu@Lk@?OOSASHIN?THRRFTCLMBIb@Kz@OOzOKzKFh@CJkCvB_Al@iA\{@LeA@iAAs@Hg@Pc@VyAnAcAf@mAZw@JiG^gAPaAZs@^g@`@q@n@UNQBGL@NBBm@dCe@pEG^KL@NJHh@z@PLj@t@^p@j@lBnAxEFj@@`AEh@Ib@iCfG]`@k@`@q@Tw@Hw@EkFw@w@Cy@B[Dy@Vw@`@aJlGuAt@eC_Q^On@a@f@Ij@B~Ab@LH\?XKRU?EDMEIMCGDEc@KUSSa@O,"{'latitude': 14.6922026, 'longitude': -17.4746981}",True,users/2klQ8xW0LGXt5CVXVrq1oSTsnlg1,"Monument de la Renaissance Africaine, Dakar, Sénégal",Dakar,test_trip_1738149225137,2025-04-01 17:45:03.222616,2025-01-29 11:13:45.137000+00:00,
,2025-01-29 00:00:00+00:00,8560,189.378,2025-01-29T12:25:30+00:00,"{'latitude': 14.7222092, 'longitude': -17.494954}",,1,,2025-01-29T15:03:40+00:00,"V482+J6C Touba, Sénégal
Route Sans Nom, Touba, Mbacké, Région de Diourbel",1,qrvyAbl``BdAWzAdHdEaApEmAnImBvBi@tRmEvEiAfB_@hBi@nLzh@zAhHdHtZhHzYvD~OtCjLdJr_@hCzKxHl[tIn]`H~Xb@~AvElRh@nB@ZG\[`@KZ?d@FZJRVR`@Jf@@XEf@P`R`Jln@fZJHhHdDfj@zWvRbJtCpA|B~@jHhCl\rK~K|D`KxD`@d@|BzAfAhAj@|@p@|A`@pAVnALdAH`AKrZAbKBfDXlM`@bHvCb_@rErj@f@lI^jIH~Cv@rq@HnJL`GVbHVlG\tGf@lGrArNZtCdBfMxB|MbB|I~A`H`CtJpHfXbFdQpAxFbAtEpAxGpAxIjAzJ`@`El@~Hj@lJV~F`AbPv@hJz@pHt@pFpCxOtC|LdKr`@dCxLfB~Kf@zEb@`Fr@`KR|GJvKMfQqAroAKvEU|F[fGw@~J}@dJsAdKoD|ToA~Js@pIc@hIWxGItGAvIFhGTpGXjGZnEt@hIx@rGtA|IlMhp@pCfN~ErWnDnQnA`Hx@|E|@|GvApMt@rH^~ExExh@l@~FbAbIbApGfAnH|A~H`BxHtC|N|ClOpAxGnD|P`Ij`@|EhVnAnHxBzNrBhSn@jHl@lJT|E\rKRlLF|IEpIGhHIrFkAv\gApZg@pPOjIAbLDxGFlG`@~VPtN@nFGrKIrFa@bNi@tJy@jL}@bK{ClWeArI]bDm@`E_Hbl@iB`Qc@bFq@hM_@fKe@pQWxK}Ato@UtIc@dI_AfMYxCcTdrBm@dHe@lIO|EMzEE`H?nDBvDJnERbEHfEpA|Qp@fGpAfJzAjIrBrJhCbKdCtHlFvN|AfEtAlDrCxHjAhD|CtJhExOpAbFvEfShBdHtEtOxAlE`FvMbKrV`CtF|EnL|ErNnDtL~AhGzCnNhAvFnAdIz@vFbB`O`AvMp@jKvBle@t@pRz@pONrFRtJFjJChQM|VO`U@zTNzITbHv@dQnH~wAlA`W^|JPpLHxIKtVSjKs@~Pq@dLyCbc@y@vMmBzWmB~YwBxXwAxMeCdPoBrKkDvPkSxbAa@bCuBdOW`Ci@pGi@lIUnHOrN?nGDhDPzH|@bVDvCDjSA~CKbB[pPu@lZWbOCbCAxKPzLLfD|@fOzAvTRrC\vGt@zJ`@vGZtJJlJGfKS|HYhFe@xGWvCo@nFo@pE_AzF{A|HeD`M{AxEqApD}D`KsAzCyDrHoDdGoArBiHxJsHbJyTfWiE~EuHvIuEnFeDrDkGjHeIfJyGlIeEtF{HnLcCbEs@pA{ChFuAnCaAxB}EfKeu@rcBoDxIgC|G{CfJoBpG{AlFuBtIkBlJmA`HqA`Ia@vCwAvMs@xHg@vIg@bLMtDOnM@vMNlKf@hOh@`J\pE`Db_@xIfeAfAfORhCf@vHZjJFdFBtHEjDWlKi@xJc@zEo@|Fw@~GmA|LyAlMi@xFe@vHQfDQ`HGfJAtBFlH`@tJh@rHV|CjAbKf@vDlGp]|S`jArAnHrBtM~@fH|@rJRpBZtDTfFZlLF`KUd[QlQGxN@fGNbJZdI`AbRf@nKxFrhAVhHPxFFvF@xNOdIQbFs@jMmCfh@s@hOUhIIjLP|Sd@rb@p@|o@BdFChEMtHwFlvAq@zO?dIDxDPnFJfBd@pFf@`FjAdHpAdGj@zBhBbGxBjGbCrF~BnEv@vAjBxCfD|E`EfFnFfFhD|C`EzCpDbCvCbBtEfCnAp@zF~BnQfGh[jK`i@tQfFjBpGpBnNzEhIpCpHhCdEhBvAp@`DhBdDzB|@p@jA`A`E|DnBtBtBhCfA|AlD|FrCjGfC|Hh@nB`AbEZhBh@lE`@dEV`HJ~HV`OP`Oh@d]ZpHJtBh@bGr@bGj@lDh@~Cx@tDnA~EtBfHhCnHnG~Qj@bBtBhHZrAp@|Dj@`EXvCL~ARhFBpGGvDMnCSpCqCdYc@nK?bGHtFVxEhAjK^|Bb@dCzAvG`B`FvBzFn@vAdBbDbF`InNtSnDhFzEjHpLrPvJzNxF|JrCxGvAlDvBrGdArDl@dClB~Il@`ElAdKrDd^fArKbAfKtBvPnAnG~@lEtBrHhCpHxB~EhDhHlNdYrFxLzD`KbAtCjDvKtAbFfC~J~BrKhAnGx@tEbD`RzTpoAxDfU~Gn_@`Jbh@bCpO|BzSvB`RvB|TrBvVLvFBhF]bIg@xEc@zBq@dC{ApEgBvDgBvEy@hCyAjGo@nDw@zGO`CO~DGlGHjEJvB`A`K`@lDl@fHZpDZ`Gj@~KNnJDtF@bECzHUbMMtEs@zM{@|Jc@xEgAjJaBfLaCvMgB~HqAfFqEpPyAtFuA`F_B|EmG`WaFhRy@`DmCtJUj@wEhQwArG}EfYgAdFcDbOiAlEs@xCe@xAwBzFwEzKy@dCmAlEaBfIe@`Dc@vFw@~GQjC]dDSnCu@jFw@pHk@`IiArQOrBUfDc@bG_@hFYhDo@bKgAhP_@`Ds@pEi@dCk@bCi@dBeBrEo@zAgBlD}AlCmAbBaCxCiCpCaEpDmE|DoArAiB|BqAvB}A~C_A~BkA|D{@xEa@lDKhBGnCD~PHt\GfDMxBMrA]|By@xDgAhD_@~@uAjCaBfCgD`Fw@pAmAlCgAxCy@zCk@tCUfBWdDIlCAxALlEVpDZrB`@pBr@fC`@tAhEbLx@rBx@|BzAxDfFbN|BrGhApDtBlIv@nDtArHp@rE`@~Cj@xGhE|n@l@xJXlDn@nKh@jHTrDJnAVrET`DXrFPpHBbEC|DQjGMfDY|DWnCw@|GwEjZC`@wCfR{CrRcAzG_CtNsCxPaC|M}B|LsBpLi@jCo@~DcAjFk@nC_@jBk@vBaAfDmApDgCrHkB~Ee@dByClIg@zAyBdGuAvEiArE_AtEmA`IqAtJ}AfJmD|P}@|CeJdXaAlCwCbJkBhFgDvJsB~F}BzG}ArFiAzEcAjFa@tCc@xD_@nEgEpl@[dDi@jIi@lHSzBQtC}@fJy@`HoAzIaCvLuApGsHn\}@fFaBnKWzBg@~F[vD[|FWlHKhKAnFFdFF~C@bAP`F`@`Hz@lJr@zFdA~GfIrc@z@tEbFrZvEpXpAlGrAlFpAtEjFfObDhI|AtD~CrIp@nBzBpHxA~F~@jEzAzIjEtX~AdKr@pDbAlEpCzJnAfEdAzCbAzBtAjCv@lBz@tC\bB~@tHVtCFxCCfCOvBWvBk@tCg@~AoG|Q_@~@eDrJi@zBYvBQdCAdALvGL|E@vBEdEExC?~EHhC^|FnBhUnCnVxAnKzAlKpEt\l@nDp@bCr@dBd@~@lAhBn@r@~@|@~BdBLLfBr@nA`@xAZ~Cd@hBJtB@zk@|AnHT\HvAJlBRpAZTHNNFXET@Lm@vAYx@I`@ObA_BrUsDpf@mBhXSpAGVUFOPGZFVLPXHVCJGl@R~AnArV`TjDfDbBbBxBnB^d@z@d@lOhM`Aj@`Ad@NHBRLLPBt@~AtI`Sl@pAb@nA?NCLARFTPJJ@VZ^p@Fd@@FARHRf@ZT^jGxNhDfIpAvC`BfEvBbF~CpGL^LbAGTBVNLTBPGJSb@Kz@OOzOKzKFh@CJkCvB_Al@iA\{@LeA@iAAs@Hg@Pc@VyAnAcAf@mAZw@JiG^gAPaAZs@^g@`@q@n@UNQBGL@NBBm@dCe@pEG^KL@NJHh@z@PLj@t@^p@j@lBnAxEFj@@`AEh@Ib@iCfG]`@k@`@q@Tw@Hw@EkFw@w@Cy@B[Dy@Vw@`@aJlGuAt@eC_Q^On@a@f@Ij@B~Ab@LH\?XKRU?EDMEIMCGDEc@KUSSa@O,"{'latitude': 14.866557107611069, 'longitude': -15.899495668709278}",True,users/2klQ8xW0LGXt5CVXVrq1oSTsnlg1,"Monument de la Renaissance Africaine, Dakar, Sénégal",Dakar,test_trip_1738149935416,2025-04-01 17:45:03.222636,2025-01-29 11:25:35.416000+00:00,
,2025-01-29 00:00:00+00:00,697,6.16,2025-01-29T12:36:32+00:00,"{'latitude': 14.7222092, 'longitude': -17.494954}",,1,,2025-01-29T12:48:21+00:00,"Place du Souvenir Africain, Dakar, Sénégal",1,_ttxA~_tiBEeCLCtAP\?LDLI@OKIM@s@@sAMaAUsBaAoMuHgAc@oAUoAKeA@k@DuCd@{A^eAb@qAx@o@n@i@v@Wh@uA`E}ArFyAxEi@zAgAfDc@t@aIpK}CrDQ\Un@k@`CSj@QXMHALa@j@iFpEsArAkBzB_CfDaAdAmA~@cAj@MBEJSTwBbB_Al@iA\{@LeA@iAAs@Hg@Pc@VyAnAcAf@mAZw@JiG^gAPaAZs@^g@`@q@n@UNQBGL@NBBm@dCe@pEG^KL@NJHh@z@PLj@t@^p@j@lBnAxEFj@@`AEh@Ib@iCfG]`@k@`@q@Tw@Hw@EkFw@w@Cy@B[Dy@Vw@`@aJlGuAt@eC_Q^On@a@f@Ij@B~Ab@LH\?XKRU?EDMEIMCGDEc@KUSSa@O,"{'latitude': 14.6922026, 'longitude': -17.4746981}",True,users/2klQ8xW0LGXt5CVXVrq1oSTsnlg1,"Monument de la Renaissance Africaine, Dakar, Sénégal",Dakar,test_trip_1738150597503,2025-04-01 17:45:03.222656,2025-01-29 11:36:37.503000+00:00,
,2025-01-29 00:00:00+00:00,1110,12.473,2025-01-29T12:40:23+00:00,"{'latitude': 14.7222092, 'longitude': -17.494954}",,1,,2025-01-29T13:04:34+00:00,"Place de l'Independance, Rue de Essarts, Dakar, Sénégal",1,ydpxA|rkiB_CH[FGFET@fAZTRJdDCBtDN~ELfHRtGYLMJn@lATfJn@`EdA~ErAlFBl@Mn@uDdDmFbFkJvJm@z@_@r@qEdLiEjNSb@_@d@y@n@{ApAmA`Ay@t@Yf@Qj@EX?rFGx@]bB]z@g@x@eElF_ErEu@z@k@bAY`AOhA?n@HdAT~@Vl@`@j@pFlFXh@f@fB?PDHHZD`@GdKEn@Mp@]z@[j@o@n@u@f@mAb@oGjBaARaAFiA@mBQsG{@gA?}@JiGvAs@DO@IJ]NoD|@_Ab@{@p@u@fAUf@[zAm@~C[hAYj@aAjAsBlBaAn@oA`@eIvAmAHMGKBcA?{ASe@MsBaAoMuHgAc@oAUoAKeA@k@DuCd@{A^eAb@qAx@o@n@i@v@Wh@uA`E}ArFyAxEi@zAgAfDc@t@aIpK}CrDQ\Un@k@`CSj@QXMHALa@j@iFpEsArAkBzB_CfDaAdAmA~@cAj@MBEJSTwBbB_Al@iA\{@LeA@iAAs@Hg@Pc@VyAnAcAf@mAZw@JiG^gAPaAZs@^g@`@q@n@UNQBGL@NBBm@dCe@pEG^KL@NJHh@z@PLj@t@^p@j@lBnAxEFj@@`AEh@Ib@iCfG]`@k@`@q@Tw@Hw@EkFw@w@Cy@B[Dy@Vw@`@aJlGuAt@eC_Q^On@a@f@Ij@B~Ab@LH\?XKRU?EDMEIMCGDEc@KUSSa@O,"{'latitude': 14.6697094, 'longitude': -17.4320111}",True,users/2klQ8xW0LGXt5CVXVrq1oSTsnlg1,"Monument de la Renaissance Africaine, Dakar, Sénégal",Dakar,test_trip_1738150827117,2025-04-01 17:45:03.222676,2025-01-29 11:40:27.117000+00:00,
,2025-01-29 00:00:00+00:00,1110,12.473,2025-01-29T12:42:17+00:00,"{'latitude': 14.7222092, 'longitude': -17.494954}",,1,,2025-01-29T13:06:28+00:00,"Place de l'Independance, Rue de Essarts, Dakar, Sénégal",1,ydpxA|rkiB_CH[FGFET@fAZTRJdDCBtDN~ELfHRtGYLMJn@lATfJn@`EdA~ErAlFBl@Mn@uDdDmFbFkJvJm@z@_@r@qEdLiEjNSb@_@d@y@n@{ApAmA`Ay@t@Yf@Qj@EX?rFGx@]bB]z@g@x@eElF_ErEu@z@k@bAY`AOhA?n@HdAT~@Vl@`@j@pFlFXh@f@fB?PDHHZD`@GdKEn@Mp@]z@[j@o@n@u@f@mAb@oGjBaARaAFiA@mBQsG{@gA?}@JiGvAs@DO@IJ]NoD|@_Ab@{@p@u@fAUf@[zAm@~C[hAYj@aAjAsBlBaAn@oA`@eIvAmAHMGKBcA?{ASe@MsBaAoMuHgAc@oAUoAKeA@k@DuCd@{A^eAb@qAx@o@n@i@v@Wh@uA`E}ArFyAxEi@zAgAfDc@t@aIpK}CrDQ\Un@k@`CSj@QXMHALa@j@iFpEsArAkBzB_CfDaAdAmA~@cAj@MBEJSTwBbB_Al@iA\{@LeA@iAAs@Hg@Pc@VyAnAcAf@mAZw@JiG^gAPaAZs@^g@`@q@n@UNQBGL@NBBm@dCe@pEG^KL@NJHh@z@PLj@t@^p@j@lBnAxEFj@@`AEh@Ib@iCfG]`@k@`@q@Tw@Hw@EkFw@w@Cy@B[Dy@Vw@`@aJlGuAt@eC_Q^On@a@f@Ij@B~Ab@LH\?XKRU?EDMEIMCGDEc@KUSSa@O,"{'latitude': 14.6697094, 'longitude': -17.4320111}",True,users/2klQ8xW0LGXt5CVXVrq1oSTsnlg1,"Monument de la Renaissance Africaine, Dakar, Sénégal",Dakar,test_trip_1738150942563,2025-04-01 17:45:03.222696,2025-01-29 11:42:22.563000+00:00,
,2025-01-29 00:00:00+00:00,1132,12.454,2025-01-29T12:43:31+00:00,"{'latitude': 14.6697094, 'longitude': -17.4320111}",,1,,2025-01-29T13:08:13+00:00,"Monument de la Renaissance Africaine, Dakar, Sénégal",1,skzxA~_xiB`@NRRJTDb@ENSZ]FQAcBc@i@A_@H{@h@SFdC~PzA{@|IiGt@_@x@W|@I~@@nC^fC\t@?p@Mj@W\Y`@k@dC}FJq@Dw@Ce@QgAiBwGQa@c@w@]a@]{@EY?OEIZsDNoAj@oBLEDM?En@y@n@g@v@e@`A[hAQjF[hAK`AUdAc@`As@x@u@`@Qx@O`ACfA?l@CtA[n@Wn@c@pB_B\SNAFK?ETS~AgAfAeAl@y@vB{CbCqCbCyBhCwBl@m@LG@MAETg@Ng@h@_CZw@b@o@`CmCv@kAzGaJ^y@tAkEp@oBrAmEhBgGX_Aj@sAb@m@v@w@~@m@x@_@zAa@lCe@`AIjA?`AFjAPr@Vl@V|M`If@Vr@TnA\tAP\?LDJGx@IdJcBfA_@r@a@hAcArAsA^g@Xa@\}@Pq@v@mEZ_AZg@^e@r@m@t@]jD{@r@EPAHKx@[`GwA`AGlABvHbApAF`AC`AK~A_@fF_B`A]l@]r@o@^e@f@mARiADgABwKAIFMCQIEGYo@qAg@q@cF_F_@i@]y@Qw@Gu@D_ALaAZaAXg@|CsD~D{EvBoCf@_AZgATwADkAAwD@YNw@NYRWzAsAhEmDLQd@mAlDgLrBmFvBmF\m@p@{@vHeI|CyCbCqBVSHSnAy@dB{@FIAQKQi@{@_BoG{@gEm@wDYsKAI]yMKeGIoBCuDrCI\[Fa@As@MS[M{DF,"{'latitude': 14.7222092, 'longitude': -17.494954}",True,users/2klQ8xW0LGXt5CVXVrq1oSTsnlg1,"Place de l'Independance, Rue de Essarts, Dakar, Sénégal",Dakar,test_trip_1738151016970,2025-04-01 17:45:03.222716,2025-01-29 11:43:36.970000+00:00,
,2025-01-29 00:00:00+00:00,1132,12.454,2025-01-29T12:47:34+00:00,"{'latitude': 14.6697094, 'longitude': -17.4320111}",,1,,2025-01-29T13:12:16+00:00,"Monument de la Renaissance Africaine, Dakar, Sénégal",1,skzxA~_xiB`@NRRJTDb@ENSZ]FQAcBc@i@A_@H{@h@SFdC~PzA{@|IiGt@_@x@W|@I~@@nC^fC\t@?p@Mj@W\Y`@k@dC}FJq@Dw@Ce@QgAiBwGQa@c@w@]a@]{@EY?OEIZsDNoAj@oBLEDM?En@y@n@g@v@e@`A[hAQjF[hAK`AUdAc@`As@x@u@`@Qx@O`ACfA?l@CtA[n@Wn@c@pB_B\SNAFK?ETS~AgAfAeAl@y@vB{CbCqCbCyBhCwBl@m@LG@MAETg@Ng@h@_CZw@b@o@`CmCv@kAzGaJ^y@tAkEp@oBrAmEhBgGX_Aj@sAb@m@v@w@~@m@x@_@zAa@lCe@`AIjA?`AFjAPr@Vl@V|M`If@Vr@TnA\tAP\?LDJGx@IdJcBfA_@r@a@hAcArAsA^g@Xa@\}@Pq@v@mEZ_AZg@^e@r@m@t@]jD{@r@EPAHKx@[`GwA`AGlABvHbApAF`AC`AK~A_@fF_B`A]l@]r@o@^e@f@mARiADgABwKAIFMCQIEGYo@qAg@q@cF_F_@i@]y@Qw@Gu@D_ALaAZaAXg@|CsD~D{EvBoCf@_AZgATwADkAAwD@YNw@NYRWzAsAhEmDLQd@mAlDgLrBmFvBmF\m@p@{@vHeI|CyCbCqBVSHSnAy@dB{@FIAQKQi@{@_BoG{@gEm@wDYsKAI]yMKeGIoBCuDrCI\[Fa@As@MS[M{DF,"{'latitude': 14.7222092, 'longitude': -17.494954}",True,users/2klQ8xW0LGXt5CVXVrq1oSTsnlg1,"Place de l'Independance, Rue de Essarts, Dakar, Sénégal",Dakar,test_trip_1738151258608,2025-04-01 17:45:03.222736,2025-01-29 11:47:38.608000+00:00,
,2025-01-29 00:00:00+00:00,697,6.16,2025-01-29T12:50:31+00:00,"{'latitude': 14.7222092, 'longitude': -17.494954}",,1,,2025-01-29T13:02:20+00:00,"Place du Souvenir Africain, Dakar, Sénégal",1,_ttxA~_tiBEeCLCtAP\?LDLI@OKIM@s@@sAMaAUsBaAoMuHgAc@oAUoAKeA@k@DuCd@{A^eAb@qAx@o@n@i@v@Wh@uA`E}ArFyAxEi@zAgAfDc@t@aIpK}CrDQ\Un@k@`CSj@QXMHALa@j@iFpEsArAkBzB_CfDaAdAmA~@cAj@MBEJSTwBbB_Al@iA\{@LeA@iAAs@Hg@Pc@VyAnAcAf@mAZw@JiG^gAPaAZs@^g@`@q@n@UNQBGL@NBBm@dCe@pEG^KL@NJHh@z@PLj@t@^p@j@lBnAxEFj@@`AEh@Ib@iCfG]`@k@`@q@Tw@Hw@EkFw@w@Cy@B[Dy@Vw@`@aJlGuAt@eC_Q^On@a@f@Ij@B~Ab@LH\?XKRU?EDMEIMCGDEc@KUSSa@O,"{'latitude': 14.6922026, 'longitude': -17.4746981}",True,users/2klQ8xW0LGXt5CVXVrq1oSTsnlg1,"Monument de la Renaissance Africaine, Dakar, Sénégal",Dakar,test_trip_1738151436751,2025-04-01 17:45:03.222763,2025-01-29 11:50:36.751000+00:00,
,2025-01-29 00:00:00+00:00,1132,12.454,2025-01-29T12:51:35+00:00,"{'latitude': 14.6697094, 'longitude': -17.4320111}",,1,,2025-01-29T13:16:17+00:00,"Monument de la Renaissance Africaine, Dakar, Sénégal",1,skzxA~_xiB`@NRRJTDb@ENSZ]FQAcBc@i@A_@H{@h@SFdC~PzA{@|IiGt@_@x@W|@I~@@nC^fC\t@?p@Mj@W\Y`@k@dC}FJq@Dw@Ce@QgAiBwGQa@c@w@]a@]{@EY?OEIZsDNoAj@oBLEDM?En@y@n@g@v@e@`A[hAQjF[hAK`AUdAc@`As@x@u@`@Qx@O`ACfA?l@CtA[n@Wn@c@pB_B\SNAFK?ETS~AgAfAeAl@y@vB{CbCqCbCyBhCwBl@m@LG@MAETg@Ng@h@_CZw@b@o@`CmCv@kAzGaJ^y@tAkEp@oBrAmEhBgGX_Aj@sAb@m@v@w@~@m@x@_@zAa@lCe@`AIjA?`AFjAPr@Vl@V|M`If@Vr@TnA\tAP\?LDJGx@IdJcBfA_@r@a@hAcArAsA^g@Xa@\}@Pq@v@mEZ_AZg@^e@r@m@t@]jD{@r@EPAHKx@[`GwA`AGlABvHbApAF`AC`AK~A_@fF_B`A]l@]r@o@^e@f@mARiADgABwKAIFMCQIEGYo@qAg@q@cF_F_@i@]y@Qw@Gu@D_ALaAZaAXg@|CsD~D{EvBoCf@_AZgATwADkAAwD@YNw@NYRWzAsAhEmDLQd@mAlDgLrBmFvBmF\m@p@{@vHeI|CyCbCqBVSHSnAy@dB{@FIAQKQi@{@_BoG{@gEm@wDYsKAI]yMKeGIoBCuDrCI\[Fa@As@MS[M{DF,"{'latitude': 14.7222092, 'longitude': -17.494954}",True,users/2klQ8xW0LGXt5CVXVrq1oSTsnlg1,"Place de l'Independance, Rue de Essarts, Dakar, Sénégal",Dakar,test_trip_1738151499945,2025-04-01 17:45:03.222786,2025-01-29 11:51:39.945000+00:00,
,2025-01-29 00:00:00+00:00,697,6.16,2025-01-29T13:05:37+00:00,"{'latitude': 14.7222092, 'longitude': -17.494954}",,1,,2025-01-29T13:17:26+00:00,"Place du Souvenir Africain, Dakar, Sénégal",1,_ttxA~_tiBEeCLCtAP\?LDLI@OKIM@s@@sAMaAUsBaAoMuHgAc@oAUoAKeA@k@DuCd@{A^eAb@qAx@o@n@i@v@Wh@uA`E}ArFyAxEi@zAgAfDc@t@aIpK}CrDQ\Un@k@`CSj@QXMHALa@j@iFpEsArAkBzB_CfDaAdAmA~@cAj@MBEJSTwBbB_Al@iA\{@LeA@iAAs@Hg@Pc@VyAnAcAf@mAZw@JiG^gAPaAZs@^g@`@q@n@UNQBGL@NBBm@dCe@pEG^KL@NJHh@z@PLj@t@^p@j@lBnAxEFj@@`AEh@Ib@iCfG]`@k@`@q@Tw@Hw@EkFw@w@Cy@B[Dy@Vw@`@aJlGuAt@eC_Q^On@a@f@Ij@B~Ab@LH\?XKRU?EDMEIMCGDEc@KUSSa@O,"{'latitude': 14.6922026, 'longitude': -17.4746981}",True,users/2klQ8xW0LGXt5CVXVrq1oSTsnlg1,"Monument de la Renaissance Africaine, Dakar, Sénégal",Dakar,test_trip_1738152343219,2025-04-01 17:45:03.222806,2025-01-29 12:05:43.219000+00:00,
,2025-01-29 00:00:00+00:00,8528,178.857,2025-01-29T13:09:15+00:00,"{'latitude': 14.015725121237132, 'longitude': -16.76477998495102}",,1,,2025-01-29T16:03:34+00:00,"Monument de la Renaissance Africaine, Dakar, Sénégal",1,skzxA~_xiB`@NRRJTDb@ENSZ]FQAcBc@i@A_@H{@h@SFq@kEFOKsBFSCUCC`@}AXu@d@u@d@k@dCqBzM}Jv@y@\c@z@aBdAiCh@{AXk@J@FKCKAAZw@`@yAJg@JQj@kBfAkCpGcMjAsBb@k@f@c@t@k@h@WzCmAtBc@h@EhC@|Jd@jA@NLTBPGJS?UKQSGE?Sk@Wy@w@}AiAuBqGsOs@cBsAaDcJaTMa@EUFMCWMO_@K]Q_@q@?YBOHSAUKQQGUBONET@J_@Re@Hg@DyAKsFu@m@BmAOcAEuEIsMa@sC?k@BiDZaEn@}ATeGjAmB`@cDj@kAVcBToF~@qFfAyCZkBJiCF{BE{CSwAOeBYmBc@oF{AmCm@KAUAcCc@aDu@_L_DoAc@{BgA_B{@}AcAoC_CmAuAcB}BaAeBgAeC}BqHu@sCU}AE}@Hs@h@sBBk@EiADg@Nk@dAyBBQbAmBp@gBb@gB\sBfDe_@nCg[~A{P`AuKp@eIDc@j@oCTaA\gAXm@r@cA\a@z@o@`@SfA_@tA[j@I\M~@WRKj@o@Nk@Bq@CUOe@IOcAmAu@u@OIOCq@_Aq@u@EMqAqBq@wA_AeCG][aA_@wAi@qCyD{XcBqLmAkJsC{W}AiRSsCKiDByKBsFEyCMkEEcEFqBRwBRqA^_BdAcDvEuMhDyJv@cCl@yCZ}BNwBB{DIaC_@uD}@}GOy@]uAu@yB]{@}@eB{@_Bs@cBq@qB}E{Pe@iBoAaG{@gFaFq[wBaMcB{Ha@_Bs@oCcCyHwSoj@eAaD{@{CyAqGwA_IyLws@gIqc@iAgH{@aHO{Au@eJ[oFMiEAsAIoECoHDeHLcHVkG`@oG`AyKvBmNnAwGvIc`@nCeNVyA`A}Gn@kFv@}HXyDrAmQh@}Hn@oIrDqg@\mDl@{EbAuFdAyExByHpDqK|D_LfAeDnC}HrAcE~AqEbE}LdDkJv@mCz@iDv@sDr@oEd@_E~BgQ|@sFz@eE~@yDdAqDrIeVd@gBj@yAd@iAvEiNb@sApAuEbBgI|@wEh@iDhA}Ft@uEt@aEj@qCfCmNbDqRbBeKlBuLp@wElCyP~AgKl@yDPmAbE{WlAqKZiEZ{HJmF@cBKcJI_De@kI[qEOkCQaC[{E}@iNiEio@uA{Se@cFq@wFs@eEk@uCkBqIaBiGsCsI}@eC_GqOaAgCiHkR{@uCa@{Aq@sD]cEKyDAwBNoDNyBh@sDj@aCp@aCbAmCr@_Bn@kAxCqEbBcCf@y@tAmCt@kBf@cBt@cDVmA\{CTgDByBIyb@AyDA}DD}CNiCRoB|@iFZqAhAiDl@{ApAkCp@oAv@iAnBcCdCcCtHwGxDgEdCaD~ByDfCaFxB_Gh@eBdAkEz@}Eb@iDN}ApBi[b@qFv@uKX}Dj@mIhAoQ`@uEf@qEv@wFTkD`@_ENkBn@wF^cFXoBhBcJn@oCfAoDpAaDdC}FbDwId@gBz@uDd@cBhF{UtEmXz@eEnAiFtDgNl@kB|FiTfAkEtEePjEqPrBkIrH}XnAaFbB}HtBoLjBoMnA_LpAqOj@oJRcHFgCNcIBeFAyKM{IIkDa@}Ig@sIu@yI}AqOUyCKiDCsCH{FT}FJeAx@uGv@aElAcFnAsDbAoCxBuE`AeB~BqDxBuCtB_ChCeC~@y@`CkB|CuBhE_CnB_ArB{@xE_BfD}@rCk@dEs@tD]|DYxDIxD?xDHvBJhFd@xF~@dCf@xH|BdO`FjJnCnG|AjDv@rBf@|FjAhK`BtJrAvGr@~L`ApKj@|JZrGLdG@zD@rOW`FOlFQjLa@dNa@hNe@|BIlJUrCK`IM`LEjNBxLRtRh@tBJ`Hb@jTbBtKpAnJjAdDb@lLrBdDn@lRlDdDn@`BXdFvA|Bx@lEjBjB~@`EhCx@j@bDnChAdAhDlDxFpGpDvDxD~CfDtB|DnBjBv@tQrG|WrJvDlAdDt@fDj@|Gt@pEP|C@fBCjES|CWbDa@`B]~EqAdFkB`EkBdAk@pEoChDkBdDuBfJiFxBeAnCaAnEoA`Do@lK{AhFs@pEcAbF}AfSoGlCu@~MiE`GqBnGmBvE}A~OeFhBi@`JwCjLqDfIiChT}GrBq@vGoBvj@oQtFcBlDmApC}@vGyBrCcAtGoChGsCdB{@dBcAbEyBxEqC`DoBjJuGdJsGpCmB|G_F~P}LdJsGvCwBjI{FrF_E~@o@lj@m`@vBaBnLiI~HeGtFyEjDcD~D}DtHmI|BsCrD}ErGkJxGaLhEmIrCiGt@cB`BcEbD{IbIgW|Kq^fGiSfScp@fKu\fCqIhMsa@nE}MhBcFtAoDTy@rGmPpByEbByDzCuG|E_KnG}LjC}EfEsHbHaLxLwQjFsHhFcHxv@_cAlHoJtTsYlq@c|@lOyRvA}ApFuGz@w@r@]x@WbAMh@AbCFt@Ab@Iz@e@RSPYL_@Lu@PeDBaBFo@Lo@Ro@v@sA\_@ZU`Ae@v@SRLT?RIJUAUKSOGe@_B_BmOuBgTKwAc@mDc@cFwCoYq@mHkB{e@EoBe@yMIoCKsA_@gMMqDMaCGgBKyBEgBkAePYsEg@}EUmDaAmIo@_Gq@kF_@wD_A_IKq@iBsPc@wDaAmIoDk[}@mHsAqJuByPeDiVGo@cA}Gu@eG_@yEEoB@}BRoDh@_Gf@aGhBoSf@eGtAmOf@wGnB}TxGov@PkCfAeMlByTpCw^x@yJH{AbAqM~@_KJeBNsBVcCRcD|@iLbA{Nx@}Kt@sITuDbAwLv@sJz@qKf@cGbEah@XqCt@iJx@kJnAiO^iDPeCJo@hB{StBgV^uDx@_Kt@eIV}CN{A`@_FLmAh@kGVqCPyBdA{K~@{JpAoM|@{Jt@yGvAsOlE}b@z@yHbIyw@rCgYb@yFxBg\r@sKRsBjEul@rFut@v@mJpAeP`Eqe@pCyZrB}TdDo\f@@|@[bJ{DbXaLdv@w[tl@aWz]gOhB{AdYwLrA`@vU_Kvd@uRfImEbDsAtBaAf\eNrJcEzGoC|I{DzKqEvBaA|FaCxBaAx\qNzGuCvH{C~FkCpImDfRaIpFyB|O}Gve@iS|GqCdv@_\hL{EbX_LhA]lAWhCUJ@`@Cn@?pADfBRvAVdQhGhLbEzCbAtj@fSls@`WlRbHxdAd_@fKtDpb@fObBd@xBXl@DlB@bAC`BOzN{BbJoAtBI`A@fBPhATpBr@x@d@tV|RbBnAhAbA~D~CdBxAnFhEzAnA`ChBzBhBxIdH|AjAnTbQbKhI|LtJxAbA`Ah@jD|AzDnAjYxHtKvCpPpE~NzDbT~Fb_@bK|v@tS~b@nL`XjH`Cr@vD`AxA`@n@JrAPdCH`B@rKRrBH|MTflA~Bjp@rAzWf@tAF~kA|BxCXvMZbEB~GP`BFtB@nHPpe@|@~BHjHLlFPnGFlBF@zFOpBa@hJSfAk@tBKr@Ct@HlAf@fCv@zC~A`Gb@dCPdBl@|KBbBE`Ac@|Ck@vDUjCMrCEbBJxCRdCRrApA|FDdACtAc@pDCz@D~@Jp@^bAtD~G|@zBp@zB`@jB\xBVlCXrFBbCCrAOnBe@nDK|@IhCDdBPdD@|AExFJxBVhCf@lCV|BNfCPfDRvCDrB?x@GrASpBeAxGKhAMrCB`G_@tJStBQbAw@nD[rBKhBCnBVnSHrAr@vDZxBLdABpAE`CAdFOrAKl@a@nAk@pAi@vACVa@jNOvBUrBO~BKDANHFLCBKrBFlCTbN~@hAVfA`@fBfA|ApAt@bAl@hAr@hBvHtT~@|BlAvBrAnBl@t@jKnKrNlNbMzLzAhBrApBjAvB`AzBv@bCl@dCb@hCVlChDpd@VjCNdATbAX`A\~@hAtBj@t@p@p@r@n@t@h@x@f@|@^~@Z`AVdCb@vc@|EvCj@n@T|Av@lBpAn@l@nA|At@pAn@~A`@xAZnBNbC@z@?|@WrCyBlRInB@|BJ`BXjB\nAp@`B~@~Aj@v@z@~@v@n@zA~@jAj@vBr@tr@`SvA\zAVzC\xCN|p@p@lCC|CSpC_@hAShKiCnQ}Ehl@qOtFoAdH{BzVuGbDw@dI_ChDs@dC]bBQxAGpDGx`@dA`B?pHXbVl@~GV~Sd@tCHvB@`DK`Jg@~HsAl@MvEyAhJ}CxUmHtIoC|HmCxGqBxEwAl@bB,"{'latitude': 14.7222092, 'longitude': -17.494954}",True,users/2klQ8xW0LGXt5CVXVrq1oSTsnlg1,"268P+73X Palmarin, Sénégal
Piste Samba Dia - Palmarin - Djiffer, Région de Fatick",Fatick,test_trip_1738152560345,2025-04-01 17:45:03.222826,2025-01-29 12:09:20.345000+00:00,
,2025-01-29 00:00:00+00:00,687,10.24,2025-01-29T13:10:10+00:00,"{'latitude': 14.7529935, 'longitude': -17.4692799}",,3,,2025-01-29T13:33:35+00:00,"Mon Prix Supermarché Fast Food Restaurant, Mon Prix, Dakar, Sénégal",3,ih{xAtuwiBLJp@NrEf@pDl@LDf@J`@PJFNJT?PKDUCQCC`@}AXu@d@u@d@k@dCqBzM}Jv@y@\c@z@aBdAiCh@{AXk@J@FKCKAAZw@`@yAJg@JQj@kBfAkCpGcMjAsBb@k@f@c@t@k@h@WzCmAtBc@h@EhC@|Jd@jA@NLTBPGJS?UKQSGE?Sk@Wy@w@}AiAuBqGsOs@cBsAaDcJaTMa@EUFMCWMO_@K]Q_@q@?YBOHSAUKQQGUBONET@J_@Re@Hg@DyAKsFu@m@BmAOcAEuEIsMa@sC?k@BiDZaEn@}ATeGjAmB`@cDj@kAVcBToF~@qFfAyCZkBJiCF{BE{CSwAOeBYmBc@oF{AmCm@KAUAcCc@aDu@_L_DoAc@{BgA_B{@}AcAoC_CmAuAcB}BaAeBgAeC}BqHu@sCcB}EoBeFQuADc@LYVSZG`@DXPR^@^I`@OVq@z@k@d@oAf@YBWGUQIY?WP[TMZA^Lh@f@t@dBp@|AfAlDr@`ChCpIn@|A{@v@uM~J{@t@qFdE_A`ACBgB{A_IsFU\,"{'latitude': 14.7265439, 'longitude': -17.4934709}",True,users/2klQ8xW0LGXt5CVXVrq1oSTsnlg1,"Case des touts petits Ouest Foire, Rue YF 594, Dakar, Sénégal",Dakar,test_trip_1738152616456,2025-04-01 17:45:03.222850,2025-01-29 12:10:16.456000+00:00,
,2025-01-29 00:00:00+00:00,1294,13.596,2025-01-29T13:13:17+00:00,"{'latitude': 14.7222092, 'longitude': -17.494954}",,1,,2025-01-29T13:43:56+00:00,"Place de l'Independance, Rue de Essarts, Dakar, Sénégal",1,ydpxA|rkiB_CH[FGFETe@`@oNNe@Fw@VoEpBKQUGWDMNARDRDDCZOZ[TcAp@o@j@_@n@{@rBq@jAo@r@m@h@[VcB|@gEvBu@d@w@t@{@z@o@TULQ@MHGRBPK^Y^cC~AkNtI_Bx@}Al@KCo@Nm@PcCf@mXdEgC`@uCZuBF}@@yOc@{CKm@OiEYmCKmBMQA?tBEbFMHIJ?ZJVNHH@Hr@\p@LHX|@Jz@@d@KbBSz@_@z@y@lAe@\KJCPHL]lF?hAH|@Jt@Jl@h@rAl@`AlC~Cp@~@jJzJrApAzAfBB\LTVLD@NRCZtEhf@?h@GR@JW\k@l@qG~HuGlI{BpCjCpBzItHPVP\tC~KhDlM|@rDFn@}@@qAOw@SsBaAoMuHgAc@oAUoAKeA@k@DuCd@{A^eAb@qAx@o@n@i@v@Wh@uA`E}ArFyAxEi@zAgAfDc@t@aIpK}CrDQ\Un@k@`CSj@QXMHALa@j@iFpEsArAkBzB_CfDaAdAmA~@cAj@MBEJSTwBbB_Al@iA\{@LeA@iAAs@Hg@Pc@VyAnAcAf@mAZw@JiG^gAPaAZs@^g@`@q@n@UNQBGL@NBBm@dCe@pEG^KL@NJHh@z@PLj@t@^p@j@lBnAxEFj@@`AEh@Ib@iCfG]`@k@`@q@Tw@Hw@EkFw@w@Cy@B[Dy@Vw@`@aJlGuAt@eC_Q^On@a@f@Ij@B~Ab@LH\?XKRU?EDMEIMCGDEc@KUSSa@O,"{'latitude': 14.6697094, 'longitude': -17.4320111}",True,users/2klQ8xW0LGXt5CVXVrq1oSTsnlg1,"Monument de la Renaissance Africaine, Dakar, Sénégal",Dakar,test_trip_1738152802016,2025-04-01 17:45:03.222870,2025-01-29 12:13:22.016000+00:00,
,2025-01-29 00:00:00+00:00,1083,12.276,2025-01-29T13:15:00+00:00,"{'latitude': 14.6597866, 'longitude': -17.4382089}",,1,,2025-01-29T13:37:33+00:00,"Monument de la Renaissance Africaine, Dakar, Sénégal",1,skzxA~_xiB`@NRRJTDb@ENSZ]FQAcBc@i@A_@H{@h@SFdC~PzA{@|IiGt@_@x@W|@I~@@nC^fC\t@?p@Mj@W\Y`@k@dC}FJq@Dw@Ce@QgAiBwGQa@c@w@]a@]{@EY?OEIZsDNoAj@oBLEDM?En@y@n@g@v@e@`A[hAQjF[hAK`AUdAc@`As@x@u@`@Qx@O`ACfA?l@CtA[n@Wn@c@pB_B\SNAFK?ETS~AgAfAeAl@y@vB{CbCqCbCyBhCwBl@m@LG@MAETg@Ng@h@_CZw@b@o@`CmCv@kAzGaJ^y@tAkEp@oBrAmEhBgGX_Aj@sAb@m@v@w@~@m@x@_@zAa@lCe@`AIjA?`AFjAPr@Vl@V|M`If@Vr@TnA\tAP\?LDJGx@IdJcBfA_@r@a@hAcArAsA^g@Xa@\}@Pq@v@mEZ_AZg@^e@r@m@t@]jD{@r@EPAHKx@[`GwA`AGlABvHbApAF`AC`AK~A_@fF_B`A]l@]r@o@^e@f@mARiADgABwKAIFMCQIEGYo@qAg@q@cF_F_@i@]y@Qw@Gu@D_ALaAZaAXg@|CsD~D{EvBoCf@_AZgATwADkAAwD@YNw@NYRWzAsAhEmDLQd@mAlDgLrBmFvBmF\m@p@{@vHeI|CyCbCqBVSnCyAv@_@PQH]JqAhAoF~I`@b@?xDUdLThAD`@AfCa@`B[FMh@oC`AuFhA}F,"{'latitude': 14.7222092, 'longitude': -17.494954}",True,users/2klQ8xW0LGXt5CVXVrq1oSTsnlg1,"Clinique de la Madeleine, Avenue des Diambars, Dakar, Sénégal",Dakar,test_trip_1738152903935,2025-04-01 17:45:03.222888,2025-01-29 12:15:03.935000+00:00,
,2025-01-29 00:00:00+00:00,1167,11.913,2025-01-29T13:21:16+00:00,"{'latitude': 14.6697094, 'longitude': -17.4320111}",,1,,2025-01-29T13:48:10+00:00,"Monument de la Renaissance Africaine, Dakar, Sénégal",1,skzxA~_xiB`@NRRJTDb@ENSZ]FQAcBc@i@A_@H{@h@SFq@kEFOKsBFSCUCC`@}AXu@d@u@d@k@dCqBzM}Jv@y@\c@z@aBdAiCh@{AXk@J@FKCKAAZw@`@yAJg@JQj@kBfAkCpGcMjAsBb@k@f@c@t@k@h@WzCmAtBc@h@EhC@|Jd@jA@NLTBPGJSb@K`B]\KtAo@v@i@~IuIbEsC~@m@vB_Bx@_At@oA^y@`@qANaAf@qETg@NKDKdA?`JtBb@J~@}Ct@eC@]X_Aj@sAb@m@v@w@~@m@x@_@zAa@lCe@`AIjA?`AFjAPr@Vl@V|M`If@Vr@TnA\tAP\?LDJGx@IdJcBfA_@r@a@hAcArAsA^g@Xa@\}@Pq@v@mEZ_AZg@^e@r@m@t@]jD{@r@EPAHKx@[`GwA`AGlABvHbApAF`AC`AK~A_@fF_B`A]l@]r@o@^e@f@mARiADgABwKAIFMCQIEGYo@qAg@q@cF_F_@i@]y@Qw@Gu@D_ALaAZaAXg@|CsD~D{EvBoCf@_AZgATwADkAAwD@YNw@NYRWzAsAhEmDLQd@mAlDgLrBmFvBmF\m@p@{@vHeI|CyCbCqBVSHSnAy@dB{@FIAQKQi@{@_BoG{@gEm@wDYsKAI]yMKeGIoBCuDrCI\[Fa@As@MS[M{DF,"{'latitude': 14.7222092, 'longitude': -17.494954}",True,users/2klQ8xW0LGXt5CVXVrq1oSTsnlg1,"Place de l'Independance, Rue de Essarts, Dakar, Sénégal",Dakar,test_trip_1738153282479,2025-04-01 17:45:03.222910,2025-01-29 12:21:22.479000+00:00,
,2025-02-06 23:00:00+00:00,3353,74.399,2025-02-07T20:28:25+00:00,"{'latitude': 14.780598554942667, 'longitude': -16.93466003984213}",,2,,2025-02-07T21:45:22+00:00,"Monument de la Renaissance Africaine, Dakar, Sénégal",2,skzxA~_xiB`@NRRJTDb@ENSZ]FQAcBc@i@A_@H{@h@SFq@kEFOKsBFSCUCC`@}AXu@d@u@d@k@dCqBzM}Jv@y@\c@z@aBdAiCh@{AXk@J@FKCKAAZw@`@yAJg@JQj@kBfAkCpGcMjAsBb@k@f@c@t@k@h@WzCmAtBc@h@EhC@|Jd@jA@NLTBPGJS?UKQSGE?Sk@Wy@w@}AiAuBqGsOs@cBsAaDcJaTMa@EUFMCWMO_@K]Q_@q@?YBOHSAUKQQGUBONET@J_@Re@Hg@DyAKsFu@m@BmAOcAEuEIsMa@sC?k@BiDZaEn@}ATeGjAmB`@cDj@kAVcBToF~@qFfAyCZkBJiCF{BE{CSwAOeBYmBc@oF{AmCm@KAUAcCc@aDu@_L_DoAc@{BgA_B{@}AcAoC_CmAuAcB}BaAeBgAeC}BqHu@sCU}AE}@Hs@h@sBBk@EiADg@Nk@dAyBBQbAmBp@gBb@gB\sBfDe_@nCg[~A{P`AuKp@eIDc@j@oCTaA\gAXm@r@cA\a@z@o@`@SfA_@tA[j@I\M~@WRKj@o@Nk@Bq@CUOe@IOcAmAu@u@OIOCq@_Aq@u@EMqAqBq@wA_AeCG][aA_@wAi@qCyD{XcBqLmAkJsC{W}AiRSsCKiDByKBsFEyCMkEEcEFqBRwBRqA^_BdAcDvEuMhDyJv@cCl@yCZ}BNwBB{DIaC_@uD}@}GOy@]uAu@yB]{@}@eB{@_Bs@cBq@qB}E{Pe@iBoAaG{@gFaFq[wBaMcB{Ha@_Bs@oCcCyHwSoj@eAaD{@{CyAqGwA_IyLws@gIqc@iAgH{@aHO{Au@eJ[oFMiEAsAIoECoHDeHLcHVkG`@oG`AyKvBmNnAwGvIc`@nCeNVyA`A}Gn@kFv@}HXyDrAmQh@}Hn@oIrDqg@\mDl@{EbAuFdAyExByHpDqK|D_LfAeDnC}HrAcE~AqEbE}LdDkJv@mCz@iDv@sDr@oEd@_E~BgQ|@sFz@eE~@yDdAqDrIeVd@gBj@yAd@iAvEiNb@sApAuEbBgI|@wEh@iDhA}Ft@uEt@aEj@qCfCmNbDqRbBeKlBuLp@wElCyP~AgKl@yDPmAbE{WlAqKZiEZ{HJmF@cBKcJI_De@kI[qEOkCQaC[{E}@iNiEio@uA{Se@cFq@wFs@eEk@uCkBqIaBiGsCsI}@eC_GqOaAgCiHkR{@uCa@{Aq@sD]cEKyDAwBNoDNyBh@sDj@aCp@aCbAmCr@_Bn@kAxCqEbBcCf@y@tAmCt@kBf@cBt@cDVmA\{CTgDByBIyb@AyDA}DD}CNiCRoB|@iFZqAhAiDl@{ApAkCp@oAv@iAnBcCdCcCtHwGxDgEdCaD~ByDfCaFxB_Gh@eBdAkEz@}Eb@iDN}ApBi[b@qFv@uKX}Dj@mIhAoQ`@uEf@qEv@wFTkD`@_ENkBn@wF^cFXoBhBcJn@oCfAoDpAaDdC}FbDwId@gBz@uDd@cBhF{UtEmXz@eEnAiFtDgNl@kB|FiTfAkEtEePjEqPrBkIrH}XnAaFbB}HtBoLjBoMnA_LpAqOj@oJRcHFgCNcIBeFAyKM{IIkDa@}Ig@sIu@yI}AqOUyCKiDCsCH{FT}FJeAx@uGv@aElAcFnAsDbAoCxBuE`AeB~BqDxBuCtB_ChCeC~@y@`CkBlAc@rDaBpAg@|DsAnC{@xEo@|AGrAAl@D`C^fC^~AFvACnAKr@OtAa@|@]~A}@~A}A|@qAj@eAl@oBRqANyA@iBIaBK}@e@}BMe@i@gAmAsBcCwDuAaCoGqJ}BoC}CcDyFsF_GkEuCgByI_GoFiDuGuEwBcBeB_BsF{FsEwFmBsCgDsFwBsEwBcFoAoDsBeHo@iCe@aCuZeeBmF_[_D{Ps@iDaB_HcEgOcFyNcBsEeE}JaBoDcLgUgEiI_FkL_B}EcBiG_AqD{BoMGqCG}@FmARkAd@aAz@}ATFZCVMNYD]Ia@SSYI[BWNORiBB{GY_AQg@QOU[O[@WJGF]JkAFw@@oHYkXuAmAM{AYwFaBiCy@g}@sW_WoHoLsDmi@wOsBq@{OqEwYwIyZwIu@Y{Ac@kIgCoBg@gCy@@SeAoUBw@FKAMKGM@EHi@JsAFyE\AYaDwFm@}@iGiKvCoI,"{'latitude': 14.7222092, 'longitude': -17.494954}",True,users/2klQ8xW0LGXt5CVXVrq1oSTsnlg1,"Q3J8+64P Thiès, Sénégal
Route Sans Nom, Thies Ouest, Région de Thiès",Thiès,test_trip_1738956570183,2025-04-01 17:45:03.222928,2025-02-07 19:29:30.183000+00:00,
,2025-02-10 23:00:00+00:00,1132,12.454,2025-02-11T13:04:32+00:00,"{'latitude': 14.6697094, 'longitude': -17.4320111}",,1,Test Victor income,2025-02-11T13:29:14+00:00,"Monument de la Renaissance Africaine, Dakar, Sénégal",1,skzxA~_xiB`@NRRJTDb@ENSZ]FQAcBc@i@A_@H{@h@SFdC~PzA{@|IiGt@_@x@W|@I~@@nC^fC\t@?p@Mj@W\Y`@k@dC}FJq@Dw@Ce@QgAiBwGQa@c@w@]a@]{@EY?OEIZsDNoAj@oBLEDM?En@y@n@g@v@e@`A[hAQjF[hAK`AUdAc@`As@x@u@`@Qx@O`ACfA?l@CtA[n@Wn@c@pB_B\SNAFK?ETS~AgAfAeAl@y@vB{CbCqCbCyBhCwBl@m@LG@MAETg@Ng@h@_CZw@b@o@`CmCv@kAzGaJ^y@tAkEp@oBrAmEhBgGX_Aj@sAb@m@v@w@~@m@x@_@zAa@lCe@`AIjA?`AFjAPr@Vl@V|M`If@Vr@TnA\tAP\?LDJGx@IdJcBfA_@r@a@hAcArAsA^g@Xa@\}@Pq@v@mEZ_AZg@^e@r@m@t@]jD{@r@EPAHKx@[`GwA`AGlABvHbApAF`AC`AK~A_@fF_B`A]l@]r@o@^e@f@mARiADgABwKAIFMCQIEGYo@qAg@q@cF_F_@i@]y@Qw@Gu@D_ALaAZaAXg@|CsD~D{EvBoCf@_AZgATwADkAAwD@YNw@NYRWzAsAhEmDLQd@mAlDgLrBmFvBmF\m@p@{@vHeI|CyCbCqBVSHSnAy@dB{@FIAQKQi@{@_BoG{@gEm@wDYsKAI]yMKeGIoBCuDrCI\[Fa@As@MS[M{DF,"{'latitude': 14.7222092, 'longitude': -17.494954}",True,users/2klQ8xW0LGXt5CVXVrq1oSTsnlg1,"Place de l'Independance, Rue de Essarts, Dakar, Sénégal",Dakar,test_trip_1739275494447,2025-04-01 17:45:03.222945,2025-02-11 12:04:54.447000+00:00,768.0
,2025-02-10 23:00:00+00:00,2727,62.85,2025-02-11T14:45:11+00:00,"{'latitude': 14.775735449561077, 'longitude': -16.936332397162914}",,3,Test trajet,2025-02-11T16:03:07+00:00,"Monument Derklé, Rue GD 62, Dakar, Sénégal",3,ga{xApvoiB{McAnDkf@p@{J`AsLPq@b@_AV]T@TIHQ?UpBgDb@k@R?RKFM?UISUIUBMLCHYOk@Oe@EYBYLUVOV[d@UPa@HcBFOBo_@_AeJUmLa@gASiCa@kBc@}Ag@{Ak@aB}@qCkBqAgAaAeAqBkCq@kAiAeC_@{@[aA_@wAi@qCyD{XcBqLmAkJsC{W}AiRSsCKiDByKBsFEyCMkEEcEFqBRwBRqA^_BdAcDvEuMhDyJv@cCl@yCZ}BNwBB{DIaC_@uD}@}GOy@]uAu@yB]{@}@eB{@_Bs@cBq@qB}E{Pe@iBoAaG{@gFaFq[wBaMcB{Ha@_Bs@oCcCyHwSoj@eAaD{@{CyAqGwA_IyLws@gIqc@iAgH{@aHO{Au@eJ[oFMiEAsAIoECoHDeHLcHVkG`@oG`AyKvBmNnAwGvIc`@nCeNVyA`A}Gn@kFv@}HXyDrAmQh@}Hn@oIrDqg@\mDl@{EbAuFdAyExByHpDqK|D_LfAeDnC}HrAcE~AqEbE}LdDkJv@mCz@iDv@sDr@oEd@_E~BgQ|@sFz@eE~@yDdAqDrIeVd@gBj@yAd@iAvEiNb@sApAuEbBgI|@wEh@iDhA}Ft@uEt@aEj@qCfCmNbDqRbBeKlBuLp@wElCyP~AgKl@yDPmAbE{WlAqKZiEZ{HJmF@cBKcJI_De@kI[qEOkCQaC[{E}@iNiEio@uA{Se@cFq@wFs@eEk@uCkBqIaBiGsCsI}@eC_GqOaAgCiHkR{@uCa@{Aq@sD]cEKyDAwBNoDNyBh@sDj@aCp@aCbAmCr@_Bn@kAxCqEbBcCf@y@tAmCt@kBf@cBt@cDVmA\{CTgDByBIyb@AyDA}DD}CNiCRoB|@iFZqAhAiDl@{ApAkCp@oAv@iAnBcCdCcCnAgARInFgEdCqB`@Wf@Qh@Gn@Bp@P\R^b@T`@Jh@@l@C`@Of@]h@a@Zm@ZkDpAkBz@mB`A_Br@UFI?SGI@s@y@y@mBw@eCI}@@UDUESOMQ?g@cAeMgb@aKo_@cBcGoAgD{@sBuAyCaOmZ}BmEa@o@u@aAeLwK{LmL{r@cq@gHwGyE{EkAeBwKiR{AqCaGcP_Wqr@eAeDk@mCc@qCQ{BGsAAuFFwM@iEv@cm@P}]FuL?}DDyGDaCDgARcCdCcU|@oHdGyi@bA{IToC~@_JHgAHaB@kBAeAiAwRuAcViAgTIqB?aCHmCzCmc@lCga@r@uKFyADuBAcCm@kJKuB_AgOWeEiAuPoAcSsA}R_BsWGsAg@mF{Lsw@sG_c@cAiGa@{A[_Aw@iBoAqBgAoAwBkBk@_@mEaCmO_IcCwAe@]oAkAmA{AeA_Bu@wAaSic@_LcVaI_Qs@gBo@uBy@iDe@iDOkBMiEAi@BqAl@kKpDql@^oFV{E\oFlD_l@n@yJBk@Ja@f@sHAi@x@gMP_C^aHLaBFmC?oAOkDa@yCe@{Bi@kBo@gBLc@PYzJw@pKu@f@Aj@FJBNEBKEMCASeA}@yRbIS@h@,"{'latitude': 14.7254972, 'longitude': -17.4528219}",True,users/2klQ8xW0LGXt5CVXVrq1oSTsnlg1,"Q3G7+7FV Thiès, Sénégal
Route Sans Nom, Thies Ouest, Région de Thiès",Thiès,test_trip_1739281537024,2025-04-01 17:45:03.222967,2025-02-11 13:45:37.023999+00:00,889.0
,2025-03-25 23:00:00+00:00,4027,73.464,2025-03-26T20:06:22+00:00,"{'latitude': 14.7885365, 'longitude': -16.9206432}",,1,,2025-03-26T21:15:37+00:00,"Place de l'Independance, Rue de Essarts, Dakar, Sénégal",1,ydpxA|rkiB_CH[FGFETe@`@oNNe@Fw@VoEpBKQUGWDMNARDRDDCZOZ[TcAp@o@j@_@n@{@rBq@jAo@r@m@h@[VcB|@gEvBu@d@w@t@{@z@o@TULQ@MHGRBPK^Y^cC~AkNtI_Bx@}Al@KCo@Nm@PcCf@mXdEgC`@uCZuBF}@@yOc@gSk@mDEgIScEO_{@{Bux@_CcN_@aZs@uk@yAmLa@gASiCa@kBc@}Ag@{Ak@aB}@qCkBqAgAaAeAqBkCq@kAiAeC_@{@[aA_@wAi@qCyD{XcBqLmAkJsC{W}AiRSsCKiDByKBsFEyCMkEEcEFqBRwBRqA^_BdAcDvEuMhDyJv@cCl@yCZ}BNwBB{DIaC_@uD}@}GOy@]uAu@yB]{@}@eB{@_Bs@cBq@qBkF_R{@qDk@uC{@gFaFq[wBaMcB{Ha@_Bs@oCcCyHwSoj@eAaD{@{CyAqGwA_IyLws@gIqc@iAgH{@aHO{Au@eJ[oFMiEAsAIoECoHDeHLcHVkG`@oG`AyKvBmNnAwGvIc`@nCeNVyA`A}Gn@kFv@}HXyDrAmQh@}Hn@oIrDqg@\mDl@{EbAuFdAyExByHpDqK|D_LfAeDnC}HrAcE~AqEbE}LdDkJv@mCz@iDv@sDr@oEd@_E~BgQ|@sFz@eE~@yDdAqDrIeVd@gBj@yAd@iAvEiNb@sApAuEbBgI|@wEh@iDhA}Ft@uEt@aEj@qCfCmNbDqRbBeKlBuLp@wElCyP~AgKl@yDPmAbE{WlAqKZiEZ{HJmF@cBKcJI_De@kI[qEOkCQaC[{E}@iNiEio@uA{Se@cFq@wFs@eEk@uCkBqIaBiGsCsI}@eC_GqOaAgCiHkR{@uCa@{Aq@sD]cEKyDAwBNoDNyBh@sDj@aCp@aCbAmCr@_Bn@kAxCqEbBcCf@y@tAmCt@kBf@cBt@cDVmA\{CTgDByBIyb@AyDA}DD}CNiCRoB|@iFZqAhAiDl@{ApAkCp@oAv@iAnBcCdCcCtHwGxDgEdCaD~ByDfCaFxB_Gh@eBdAkEz@}Eb@iDN}ApBi[b@qFv@uKX}Dj@mIhAoQ`@uEf@qEv@wFTkD`@_ENkBn@wF^cFXoBhBcJn@oCfAoDpAaDdC}FbDwId@gBz@uDd@cBhF{UtEmXz@eEnAiFtDgNl@kB|FiTfAkEtEePjEqPrBkIrH}XnAaFbB}HtBoLjBoMnA_LpAqOj@oJRcHFgCNcIBeFAyKM{IIkDa@}Ig@sIu@yI}AqOUyCKiDCsCH{FT}FJeAx@uGv@aElAcFnAsDbAoCxBuE`AeB~BqDxBuCtB_ChCeC~@y@`CkBlAc@rDaBpAg@|DsAnC{@xEo@|AGrAAl@D`C^fC^~AFvACnAKr@OtAa@|@]~A}@~A}A|@qAj@eAl@oBRqANyA@iBIaBK}@e@}BMe@i@gAmAsBcCwDuAaCoGqJ}BoC}CcDyFsF_GkEuCgByI_GoFiDuGuEwBcBeB_BsF{FsEwFmBsCgDsFwBsEwBcFoAoDsBeHo@iCe@aCuZeeBmF_[_D{Ps@iDaB_HcEgOcFyNcBsEeE}JaBoDcLgUgEiI_FkL_B}EcBiG_AqD{BoMGqCG}@FmARkAd@aAz@}ATFZCVMNYD]Ia@SSYI[BWNORiBB{GY_AQg@QOU[O[@WJGF]JkAFw@@oHYkXuAmAM{AYwFaBiCy@g}@sW_WoHoLsDmi@wOsBq@{OqEwYwIyZwIu@Y{Ac@kIgCoBg@cW{Hs@Ss@a@g@c@eA{AmAwBUOKAWu@_AeBES_Via@iHuLwOcX]kASqBMs@We@y@u@KMw@{BIk@OqBCk@v@_BnI{MyAgAlCgETN,"{'latitude': 14.6697094, 'longitude': -17.4320111}",True,users/NrS8pDJIUCQxTtLMftCEce0UFJu2,"Grande mosquée de thies, Thiès, Sénégal",Thiès,test_trip_1743016001605,2025-04-01 17:45:03.222985,2025-03-26 19:06:41.605000+00:00,1769.0
,2025-03-28 23:00:00+00:00,4027,73.464,2025-03-29T20:11:00+00:00,"{'latitude': 14.7885365, 'longitude': -16.9206432}",,1,"Je demande à chacun de voyager avec une seule petite valise ou un sac à dos, l’espace dans le coffre étant limité.",2025-03-29T21:20:15+00:00,"Place de l'Independance, Rue de Essarts, Dakar, Sénégal",1,ydpxA|rkiB_CH[FGFETe@`@oNNe@Fw@VoEpBKQUGWDMNARDRDDCZOZ[TcAp@o@j@_@n@{@rBq@jAo@r@m@h@[VcB|@gEvBu@d@w@t@{@z@o@TULQ@MHGRBPK^Y^cC~AkNtI_Bx@}Al@KCo@Nm@PcCf@mXdEgC`@uCZuBF}@@yOc@gSk@mDEgIScEO_{@{Bux@_CcN_@aZs@uk@yAmLa@gASiCa@kBc@}Ag@{Ak@aB}@qCkBqAgAaAeAqBkCq@kAiAeC_@{@[aA_@wAi@qCyD{XcBqLmAkJsC{W}AiRSsCKiDByKBsFEyCMkEEcEFqBRwBRqA^_BdAcDvEuMhDyJv@cCl@yCZ}BNwBB{DIaC_@uD}@}GOy@]uAu@yB]{@}@eB{@_Bs@cBq@qBkF_R{@qDk@uC{@gFaFq[wBaMcB{Ha@_Bs@oCcCyHwSoj@eAaD{@{CyAqGwA_IyLws@gIqc@iAgH{@aHO{Au@eJ[oFMiEAsAIoECoHDeHLcHVkG`@oG`AyKvBmNnAwGvIc`@nCeNVyA`A}Gn@kFv@}HXyDrAmQh@}Hn@oIrDqg@\mDl@{EbAuFdAyExByHpDqK|D_LfAeDnC}HrAcE~AqEbE}LdDkJv@mCz@iDv@sDr@oEd@_E~BgQ|@sFz@eE~@yDdAqDrIeVd@gBj@yAd@iAvEiNb@sApAuEbBgI|@wEh@iDhA}Ft@uEt@aEj@qCfCmNbDqRbBeKlBuLp@wElCyP~AgKl@yDPmAbE{WlAqKZiEZ{HJmF@cBKcJI_De@kI[qEOkCQaC[{E}@iNiEio@uA{Se@cFq@wFs@eEk@uCkBqIaBiGsCsI}@eC_GqOaAgCiHkR{@uCa@{Aq@sD]cEKyDAwBNoDNyBh@sDj@aCp@aCbAmCr@_Bn@kAxCqEbBcCf@y@tAmCt@kBf@cBt@cDVmA\{CTgDByBIyb@AyDA}DD}CNiCRoB|@iFZqAhAiDl@{ApAkCp@oAv@iAnBcCdCcCtHwGxDgEdCaD~ByDfCaFxB_Gh@eBdAkEz@}Eb@iDN}ApBi[b@qFv@uKX}Dj@mIhAoQ`@uEf@qEv@wFTkD`@_ENkBn@wF^cFXoBhBcJn@oCfAoDpAaDdC}FbDwId@gBz@uDd@cBhF{UtEmXz@eEnAiFtDgNl@kB|FiTfAkEtEePjEqPrBkIrH}XnAaFbB}HtBoLjBoMnA_LpAqOj@oJRcHFgCNcIBeFAyKM{IIkDa@}Ig@sIu@yI}AqOUyCKiDCsCH{FT}FJeAx@uGv@aElAcFnAsDbAoCxBuE`AeB~BqDxBuCtB_ChCeC~@y@`CkBlAc@rDaBpAg@|DsAnC{@xEo@|AGrAAl@D`C^fC^~AFvACnAKr@OtAa@|@]~A}@~A}A|@qAj@eAl@oBRqANyA@iBIaBK}@e@}BMe@i@gAmAsBcCwDuAaCoGqJ}BoC}CcDyFsF_GkEuCgByI_GoFiDuGuEwBcBeB_BsF{FsEwFmBsCgDsFwBsEwBcFoAoDsBeHo@iCe@aCuZeeBmF_[_D{Ps@iDaB_HcEgOcFyNcBsEeE}JaBoDcLgUgEiI_FkL_B}EcBiG_AqD{BoMGqCG}@FmARkAd@aAz@}ATFZCVMNYD]Ia@SSYI[BWNORiBB{GY_AQg@QOU[O[@WJGF]JkAFw@@oHYkXuAmAM{AYwFaBiCy@g}@sW_WoHoLsDmi@wOsBq@{OqEwYwIyZwIu@Y{Ac@kIgCoBg@cW{Hs@Ss@a@g@c@eA{AmAwBUOKAWu@_AeBES_Via@iHuLwOcX]kASqBMs@We@y@u@KMw@{BIk@OqBCk@v@_BnI{MyAgAlCgETN,"{'latitude': 14.6697094, 'longitude': -17.4320111}",True,users/NrS8pDJIUCQxTtLMftCEce0UFJu2,"Grande mosquée de thies, Thiès, Sénégal",Thiès,test_trip_1743016289766,2025-04-01 17:45:03.223002,2025-03-26 19:11:29.766000+00:00,1769.0
,2025-03-28 23:00:00+00:00,3569,72.208,2025-03-29T20:17:00+00:00,"{'latitude': 15.614044494656053, 'longitude': -16.229144856333733}",,1,"Les animaux de compagnie sont les bienvenus, à condition qu’ils soient de petite taille!",2025-03-29T21:32:27+00:00,"Pont Faidherbe, Pont Faidherbe, Saint-Louis, Sénégal",1,a`y`Bb|ucBV}NHs@FClAVjAb@v@Jr@@h@E|FaAbBMbB@z@Dt@HjBd@hC|@bBh@`@HxC^hBN`AD|BCtBMh@GpBe@b@OfCoA`@Wt^yZlOkM`SsP~AcAvDyA`AWhLgArh@kE`AEhDYtD_@z@Av@Dz@Nf@NtDrBrBjAv@\hAZ~BZx@BfBE|ASt@SjWiJpNkF`VwIz@c@fA}@t@aA^m@d@mANs@LgA`BaYR_Cb@kCf@sB`K}[pDgLpWey@vG}S`BoFfJqY`IsV`AcClB{DpBmDxAwB`BqB|HgJtFyGrD}D`DqC|F}DpDiBpEgBxMeFpCeAhBw@vMaF`CaAxFwBlO}FbZeLvCmAnI{ClFuBlYyKbCkA`XkN|Aw@vHcEtImEpSqK`BcAj@e@vAeBl@eAf@sA\uAN_BFuAEqBKuAg@wBaKwXcBkGmA}EoAiEYm@{IuZsF}QqBaHYeB}JalAyGux@kFwq@yM{aB{Lu{Ai@eHC}ABiANmBR}AHc@tN{h@~GcW|@aDnB}H\wBhFka@jAuLzBaV`A{JlAqML{C@{@]{pAHcFNwD\uE^cEb@kDz@kFf@cCnBsHfBqF~AgEpQib@~DiJ~DsJpCmGv@uBhD_LhA}D|A_FlDuLv@kB`AiB~@mAz@w@z@m@|FaDbLcG~BqA|JmFhE_C`KiF~CwB`LaIfDcCxAy@bH_DtBiAtCkAfEoBrHeDhOeIjHeEzVgNfCuAjBo@pBa@hAOzBIjSIbIE~BO~AObBa@hCy@dCaAdGoC\WhGsCdJ{DzCgA~WeIlEuAxCs@vAOrAGdE?xc@P`CEzXuAjWoAjCErDLhKn@bJd@jBRnCd@vAZpA`@bPlG`c@jQxOpGfE`BdFvBtLzEht@zYbC`A|Bt@~@P|BTjBD`BC`AIbBWnHqBxD_AxSyFhG_BtA_@pDaAl@S~@StDa@f@CfDCrBHjALdCb@tA^rGzBbBn@v^hMbVnIxLjEnCbAjBv@bBbAbEnCxOzKfDrBhBx@pCbAfA^fJhBvDp@xa@`I|Ex@bRzAfJl@`h@vDlDV~Hl@|Pr@dDNhFn@jB`@~DjA~h@xP~Bv@nF|A`Cv@vGtBfT~GbQtFjWvGng@lMxUdG~AXbCN`BAdBK|@M|m@}Lv\yGlAYtIcBbbAyRtf@qJfM_C|HaBdEu@nRsD~Co@zBc@zGoAzE}@`\mGlEw@`e@aJpGkA|EaAlJgBpLyBvSaElHqArAc@~Aw@fAs@dBsAnKoJlHqGvCaCrCkCrGyFlC}B|JyIjDyCdGoFzB_Bx@c@bBi@`Cg@jAOfAEdAAzADrBRxB`@`OxClCh@r@PtOvCz@RnGlAfIbBbEpAl@ROq@f@iGzAuS`AiMdPnA?Wa@}CuF}Xc@eCq@yCMaA{@oEq@}DUkA?s@NkBp@?vEg@hC_AfA_@h@IlCOZpG?`@@R,"{'latitude': 16.0257939, 'longitude': -16.5012952}",True,users/NFY1HR7vJOVztoqCId70HZyWH4l2,"JQ7C+J89 Louga, Sénégal
Route Sans Nom, Région de Louga",Louga,test_trip_1743016686926,2025-04-01 17:45:03.223020,2025-03-26 19:18:06.926000+00:00,1851.0
,2025-03-28 23:00:00+00:00,1939,31.793,2025-03-29T20:22:00+00:00,"{'latitude': 12.8103382, 'longitude': -16.2318575}",,1,Je préfère que les passagers soient non-fumeurs. Merci!,2025-03-29T21:03:41+00:00,"Port de Ziguinchor, Rue de Santhiaba, Ziguinchor, Sénégal",1,qpykArfhbBh@eFJoAvAGBQTK\@fEtAzClA~AgJXiANa@x@mDwGgBoAQa@CqWG{Q?{@Jk@N{@`@m@d@g@p@_@t@wOna@aDdIuCtHk@hAg@t@i@h@_Ap@q@ZsCx@gf@nMcU|FeVvFsJnB_Fp@sBTgCPgQl@iVhAcZzA{AAaAMw@Wg@W}^cXaAm@_N{JgBkAaE_C_LaGmC_Bm@o@QYqCyFc@u@aCwDaH_Kk@q@u@m@oAg@mVuEeViH_Ce@kBW}QyAsQqAaGe@mAGcLc@cBMwAU{Ag@cAi@eAw@_A}@m@s@u@wAYs@[gAW{A]uDyGo{@{Fus@qDoe@iBiUQwAa@}Aq@kB]q@aAyA_F{Fa@_@cBmAy@a@{@]cA]oAYoAS_AKaCBeBHcoAxIkUbB}Gh@wmCtS}b@lDyf@xDolAlJ{{@`HoPrAqJp@iFj@e\~F{MjCwb@`I_LrBe`@hHwB\sEd@oCL_EFwC?eEQ_DYiDk@aD{@uBq@iCoA_CuAwAaAkC{B}BaCcBsBiBkCw@oA_AiBeA{B_A_C}E}N_@eAcCuHyBuGc@{AwHlCiPvFmDhAmE~AqJdD{I|C]FmDlAoAj@m@[gAs@{@q@mBoBeDkDsCsCgAcA,"{'latitude': 12.5877128, 'longitude': -16.2674763}",True,users/tO3Ve07qeZUYs1uRoI1znxal1n92,"CENTRE DE SANTE DE BIGNONA, N5, Bignona, Sénégal",Ziguinchor,test_trip_1743016961272,2025-04-01 17:45:03.223054,2025-03-26 19:22:41.272000+00:00,1135.0
,2025-03-28 23:00:00+00:00,2772,46.951,2025-03-29T20:25:00+00:00,"{'latitude': 14.3389718, 'longitude': -16.4111426}",,1,"Je mets souvent de la musique (plutôt tranquille), mais on peut en discuter et choisir une playlist ensemble si vous le souhaitez.",2025-03-29T21:28:31+00:00,"Grande Mosquée Medina Baye Kaolack, Médina baye, Kaolack, Sénégal",1,czluAxi`aBXLcFjIfBdAx@l@lAn@lPvJnAx@APHLD@Ed@eA|l@[l[`@FrFpBfF`BnBj@tFfBxIlCjBl@~At@VFjFfBjCt@lCt@pDlAxB|@zBx@xIpCv@XwAjDsI`ScIhRuEjKwEbLiAfCeKjV{Rld@iXtn@oHxPwAlDeBzDoFjMsDpIiZlr@cKzUuEpKgJnTmIxR{BpF}@pBsBhFuTjh@yEvKeWbm@}BfFaAbC}Nl]aFpLm@dAc@|@mRhd@uNr\qBxEiC`GyQxb@oAxCiD`IgCfG{AfDeCfGoAhCa_AjyBy\bx@cEnJqC|GmPj`@uE|KuQrb@qPv`@k`@n~@mBhEkFhM_FfLmb@vw@wE~IcEdIuTxb@{@`B}FjLoU~c@kGxLcCrEyFzKmA|BiD|G{EbJiIbP_Rx]iBbDkEpIwCtFeHfNgH|MuGdMiFvJcBdDkMrUaAbBqFjK{FvKuBlDsAfC{HfOgOjXiGbLiDzGoEbI}A|C_KdRmA`CyCpFcBbD}A|B_@d@aBzA_CbBm@Vaa@lNyz@lYoAb@_A`@{Af@{BlAaAn@cB`B_BvB}OjUi@r@qEjHoJnPmA|As@|@g`@ra@oLzLuUrVaInIoAvAyM`NcJvJeJhJaA`AaIvIy@fAuF|I}H|L\GjCSfA?t@BdANbB`@|Af@|OtHhAd@dAp@lF~DrCjBnCbBaAfBo@xAaAvCkBhG}EjOq@jCUx@aBzDmCfGcAtBQVwBpB_@VYLs@RkBXcADYGIEMQSIW@OHKTATJTPJV@RI@?If@,"{'latitude': 14.1609376, 'longitude': -16.0628231}",True,users/9yEEsbRxjmdSw8g8hyBtDlukpT42,"Marché, Fatick, Sénégal",Fatick,test_trip_1743017133428,2025-04-01 17:45:03.223087,2025-03-26 19:25:33.428000+00:00,1596.0
,2025-03-28 23:00:00+00:00,8148,214.491,2025-03-29T20:31:00+00:00,"{'latitude': 14.0995369, 'longitude': -15.5569145}",,1,"Je fais généralement une pause toutes les deux heures pour se dégourdir les jambes, prendre un café ou faire une pause toilettes.",2025-03-29T23:38:51+00:00,"Q8FH+M4P Tambacounda, Sénégal
N1, Tambacounda, Tambacounda Region",1,whasAxkmrAmCPvBzUb@|FdBrQXlEBbDBd_@BjNB`LIrVQvq@AbXClQ?xL@p`@Cl_@C~MMrVIzLA~BMvJ_@dUUdJCrCe@`V]~WKlFk@hh@MjK]`WKtKMlJ?vBm@rj@QrO[v^EhFEbGQ|EUbDy@tJ_BjRwCh^cEfj@wCjc@]~D[|Bm@tCaBtGcDvLmFfRwAxEkG|TiZ`iAeG`UwO`l@cIlZoAzE{ApFeEzOsChJeCrI{CfM_AtEq@vE_@bEUhD}An]QpEyAn[yBfg@KzAa@lEWrBcAtFiEzSwAlGk@xBy@dC}@`C}Tvg@_CfGmE|Lu@`Ce@zBiDnUOdAe@tC]~Ae@dBu@tBqExJqBdE}c@p}@g@z@sB`Ei@zAkA`EoCdK{BtHaCdJuCxJcSfu@}]ntA}Sdx@gIr[iEfP{GtXk^vuAk@hCe@dDiHtm@?Vw[jpCi@fEq@`DaAvCiAnCgApBqAlBcBvBgG~GgDnDoHnI{NfPgXpZsAlBeAjBuA`DqFvNwCzIkBbGmVdv@uF|PeB|Fk@fCStAUxBOhCClDBhBvB~^hErs@XfCZnBrBhJ^|Ah@fBrN~_@ZlAJ~@BfAMxKIvBUnC[tBq@xCo@vBsAlDeNl]k@jBm@hCY`B}OrfA}Fh`@qAdJoBtMS~A_@|Dy@fMi@rKGlDJbtALvkAGxBQnCa@`Dg@bC{@~CmCvIgD`L{Kz^cNbd@sItWcDxJaEdMiNjb@yNl`@}EbNmIfVu@`CkDvMqApEuIbWqEpNqE|Mmm@njBMJsSpn@aMz_@eItVuEjNuBpGs]ffAwF~P{FjQkAtDeEhM_DhJkGnRuAlEqDxK{Ujt@mTfq@sIvV{Unq@}A`GmXllAqBxIiKfd@oXxlAu@|C}BjKkAbFgEpRwDbPmb@zkBiHz[kB|Hk@nC}Kvf@i^n_BeAhFe@pD]|EQrEyDtu@oCrj@U|EmBf_@?r@w@nPoEx|@Ih@}G|tAoD|s@cBj\{A`ZoC~i@SdDuApXiBv]sCrj@EvBBpCPpDT`CZjB~BdKPz@ZvBXzCHpCAdBElBiD|v@E`DDrCXbExFjr@HzB?lDg@vQYbMQbIC`F@vBLfF`Cvs@vAxg@|@~\X|JBpCGxCIfA[xCg@vC_C~K_DfOg@fD[lDe@vG}Enq@m@dISlDgJhoAuFrw@_Ffs@_Frr@MtDGzBAxED~^BzOArRClUGtHy@xc@EnAObC_@vCmAlGcE`ScEpRsD|Q{Jle@w@`EuCdNi@lDi@bF{BhXoI~iAUzFwDxnA_Cb{@i@vTq@pVSxOI|Ba@bE_DrO{Kxh@q@xDi@tEsDza@e@fDcC|OcLx`A[lDWhFI`GDfEHjDn@zIxBpX^zDRvErF~p@p@vIt@hHp@tDnAtFn@~BdBxFbCfJv@vC~B~HrAbFxBxHxDjNn@rBpAvDZr@pA|BrAjBrCrCtB|AlCzAvLlGpAt@vVjMbPpInC~A^Tf@d@jBxBx@tAb@tAb@fBNz@PvAVdFT|EH|Cz@hRLbCV~FXdGT~FjCnm@n@nMJnARtAf@hCxAbEx@dB`@r@zMtStFpIrQ`YzAzBdApB|BdFtAtDp@rBnB`IrCpNbAtFhEfT`AnFzBtKvG~]`ExStCvNvIld@Bn@nJbg@zFlZl@fEb@xDZzEJjDB`DCzEKnDa@hGcCf\sA|P}AdTk@nHsD~f@UjDYbDwCx`@eBrUoCv^o@hIs@vJs@hJ[|DYlEeAnM}@pMqA~PmB`WQvCy@dJyAxR]tEoAlPYfEm@tHa@~JGxBo@vQ{@tWcAp[c@lNGlDSxEmAnb@w@~ViEtyAm@tRIdEsAt^oCxr@G`EPt|@D~@KlPc@xd@o@pv@EvBWbF]hEk@tEa@`CcPdy@_@~BWpCKdCC|CFbCTbD^vCp@xChP|o@jDvMbAvEn@pD\tB\jCd@vEjAdPX~Ex@xMJpDBlEEhDSpF_@zEc@tDYjBs@fDyApFkArD_BbEkAfCyBbEwWza@sNnSup@t_A}@xA}@fB}@vBq@rBu@fDa@fCUrCIvBCfB\d_@IfDMzBUjB]vBq@rCeVxz@qJp]yk@drBw@jC]~@cA~B{ApCoAfBuA~AeHvGsCtCoTrSwA`BqAhB_BrCy@fBsw@zvB{G~PiC`H{GdQcTlj@qk@rzAwQpe@eF|MmLnZu@vAqCnHkLnZk@rA}@dBkAfBsDvE]j@kl@~s@wB`CqCjDwRjUq@fAc@j@a[~^aD~DeA~AaBzC}@zBq@zBg@xB[lBWfCOjC_@vRiEh`CMdDa@hFgL|kAeGzn@gOh~AqAfMgBlRoI~{@mCvXoEje@}BfUiBlRe@dEgAvH_Pdv@cFlVoAxFmD|PyC`Ns@dCuBzF_FfMuFzN}CbIm@lBWjAwJfp@yDpWUtCIrA_D|v@QdC[xBe@nBs@nBe@`AcAfBce@bu@eSl[s@vAg@tA]|AQtAG~AWbp@WfbAO~_A_@~tAYfwBSbbAg@vnEDvNLfOD`AJ`Ax@zC~BxI`ChJJjAARHPJD\^|Qtq@zIr[p@hCjAbEDj@KV?PJPZPVl@r@jDdArHrBjPNhAwJ_@EvAeA@,"{'latitude': 13.774204476959483, 'longitude': -13.67218192666769}",True,users/gp9YroQl9kVvNNSZHt9tiKgiRsz1,"Hôpital régional de Kaffrine, Kaffrine, Sénégal",Kaffrine,test_trip_1743017515899,2025-04-01 17:45:03.223120,2025-03-26 19:31:55.899000+00:00,3368.0
,2025-03-28 23:00:00+00:00,2404,40.574,2025-03-29T20:40:00+00:00,"{'latitude': 14.8038887, 'longitude': -15.9100393}",,1,"La voiture est climatisée, donc pas d’inquiétude en cas de fortes chaleurs, le confort est au rendez-vous!",2025-03-29T21:34:27+00:00,"Mosquée de Diourbel, Diourbel, Sénégal",1,e|lxAnfabBIa@_L|CCOiFtAuEyQ_@}AVMlCq@RKRYBYCg@s@qGu@aHm@aJcB}Xi@oHU_Ba@_BWq@IQaA}@{FeEmCgCeDeDsAyAyBiCqRqV{QoUqFgHeDiEuFsHwLwPeB_CiAaBwPuUwB_DoBgCgBiCsD_FCc@CK@QIMOAw@]cAyAeUiZg@s@}C}DaByBkJsL{B_D_EgFwDeF_AsAoE{FaYm_@iRyVeKiNmWk^{E}GmGyIiAsAyCwCo@m@}JyHm@o@}OaUuO}TaBqC_AyBg@mB}AiJ}@kFi@iBkA_Dm@oAi[wl@wLoUm`@wt@wFiKcB}DkAcDiAwF_@}B]qCc@}B{@iDuMg`@yAyEYk@qe@_vA{[e`AkYoz@_Occ@}@aDeVakA{@uFqGax@aAkL{AoLoSk|Au@eEm@eCkAiDaXgu@c@gAyLa]cKgYaAmDiLwj@[cAaRo}@wLel@U_BKeB?iBFyATiBjC}Q|BuORoBBsBEkAGi@u@_DqJc^_g@uiBgUkz@mBgHe@sB]oBi@{EsF}f@i@eEaFyd@Ak@HkAXsCtAcKl@aEb@eDDq@@o@aCXcB\gYbD_@@eDsXeNfB,"{'latitude': 14.6528292, 'longitude': -16.23154139999999}",True,users/nKpWKxeIEYYhpNegQ3kDPvOyzQl2,"MBACKE khewar, Mbacké, Sénégal",Diourbel,test_trip_1743018017321,2025-04-01 17:45:03.223153,2025-03-26 19:40:17.321000+00:00,1387.0
,2025-03-28 23:00:00+00:00,9407,243.397,2025-03-29T20:45:00+00:00,"{'latitude': 16.6565509, 'longitude': -14.9564053}",,1,"L’heure de départ est fixe, je ne pourrai malheureusement pas attendre en cas de retard, donc merci d’arriver à l’heure.",2025-03-30T00:29:32+00:00,"Hotel de Matam, Matam, Sénégal",1,{xp~Axw{oAUDkBNgRfCrDrQnArFt@nC\bAtCvFvAzBlAxAtK`MfCjCbCxBjAz@z@`@zCrBfV`QxKjI~AnAlEnCl|@zr@nAjAtAxA|`@r[dCbC`BrBpBvClAtBfe@v_AtQr^xUve@z@nBfDrIrSng@EL@FcGbCmHlCeSzHmNpFyf@hRoU`JgF|BgEdCeCjBuTlQyXtTgU`RmBxAiZhVm[fWihAp}@yD|C}@z@cVvRuGbFiC|Bs@d@kC|BsCxBeJrHmA~@qD~CoIxGsJ~HyD|CcBpAiCvBgD`CwD`CiB`AaChAkCfAyEbByBj@aDt@}I~BaInB_TnFmf@tLwRbFaV~F_U|F}J`CqKnCqVfGcd@dLcOtDwFxAkDv@{F|AkEdAgIxBgEtAuF`CiB`AgCxAyBtAgFtDiCtBcCbBuX`TeHtFeOdLiHjFge@j^wOlLwLfJiEjDad@d]yC|B}@p@mAbAcZdUsDhDcDbD_DbDqBfBgDjCoBtAuEnCe`@fTuFfDmJxEoAv@wEfC{CdBcAp@uC~AoE~BkH`E_I`EmBx@uEdBcd@hNaQxFwTbHiK~CcJvCyJzCcH|BoK`DyIdCwG|BiObFuBz@wAv@M@mDhAWFeAFe@FiWvHoLxDgCz@yQvFwEbBQCSDgA`@iAh@iGdDkBlAkDnBq@NYJOJu@`Ai@b@{E`DmBjAmBfAaEzCqA|Ao@j@qClBwH|EcB|@m@d@oAz@_CrAiKtEkDlA_F~@id@`Ns`@tL_JrCkh@xOwBt@}B|@{FzCqAz@wAz@kFxDaEpDsBxBqChDgHbLuQtZwSt]u@pAqAnBiBdCwA`Bca@z`@iCzByFdF{a@t`@qg@jf@eLjKyW~VoUzTqRtQ_I|HaAdA{CvDmCxD}LdUyAlC}Yhj@cv@twAslClcF}DtH}ApCqB|D}DtJmSrp@_ErNuAbFiArEwD~QuAzGg@dC{AhHcAnEy@tDs@dCqBdGoHpSsB`IuBxJqM|o@sBlJa@zAu@hCeBlEu\fu@}@`Bk@`AUf@qCdGyDtI}HzPsB~DgBxCmP~ViJbOoAlBmBpDcAbCs@|BuDdP_Jx_@ga@ffBkWphAq@dCyApEwAlDaBlDgCnEqCdEkC`DcBlB{BvBgCvBoEbDyEpCyv@nc@_e@xWkJlFkF~CgFnCiHbEyBjAyFdDwElCuBrAeD|BmDrC_ErD}C~CqEbGmC|DiCrE{BnEuA`DgBvEmA`Ek@tBeBxHqG|[uf@deCkArGi@zDc@|E]pGElC@~FTxG^xEj@nE~E`\v@~FZvDX~EJpHWnJq@nJ]`Eu@dK{Cb_@}AdSk@xEcA|Fy@rDwApFqC|J{ArFcCzIiDdMcAjDaBfGmBfHqJlb@UlAYbAcAzEgGbXeJna@{@nC{@xBi@jAs@lBo@tBuGpYmYnpAi@zCq@pEu@fHa@fIKlG?tEFfEP`E^~FdY|dDl@pEd@tCbB~HnO~r@t@jEp@nFh@|FTvFH`GA`EQ~GUjDo@~Gw@bFg@lCyAnGyAxEsBvFkBfEeDhG_ClD_BzBaDzD{DzDcDzCaJdIyBpBeEpDsr@rn@mJpIeY~Vcx@ps@gE|DcFjEsMpLoHtGi@h@{I~HeN|L}C`CqGjE}@j@{CdBqE~B}DdB{FzB_Bj@kErAqCr@gIdBq^jH_JdBoKxBoHxAqIdBkDn@uv@pOq^nHgUnE{A\em@tLyDt@iATcGbB{@VqFtBwCxA}DvBoD~BwB`BuEhEuDdE_AhAaCfD}BtDmA`CmBjEob@beAkK|W}FpNqD|IcEhKoNp]oh@jqAkLxYkBjEqG`Pg`Al_C_KtVyAfDaCpEqAtBwC~DqCdDaD~C_Az@cHrFgb@r[{X~SqDvCsCnCeCtCcC~CyCzEmBfDqArCsApDyApEk@rBiEjQyCxLgEjQim@neCqJx_@k@jCkFfTy@`Dy@rCeCxHaAlCwChH}CxGqDbH}DpGeFnHeDfEuGpHcUtUigB|iBqJ|JkKnKuJ|JoHxH{zDx_E{DbEmBlBoDzDgJtJkBvB}CdE_BdCmAzBiCrFmA`DiAhDeAxDaApEO|@k@~DWvBSfCe@nHaErx@MnBYdCShAu@`Ds@`C{@rBu@~A_AzAiB`C{BfCcA|@_Ar@oAx@gAl@oAn@}FbCmi@pTuX`LiWfKkD|AmBdAwBvAsBhBcAbAgArA}AzBkAtBcAzBgBtF_J~YwO|g@wJ|[aXn|@uCjJsApD}AlDiBrDqIrO_D|FeJnPgJpPuD~Ger@joA_AvA_n@|hAsa@ju@iS~^aBtCoH`NsC~EwCfEiCxCaDdDgFnEoa@v\c^xYs@h@_FbE_a@h\_HtFyE~Dcc@b^{CfCkGdFkNdLuPjNsI`HeEnDyGpFeEjEgCxCqC`EuC~EwAvCiAlCkBlF}@`D{@tDo@fDi@|Dk@hFiBhYuH`jAwH`kAc@hD_@tBq@hC}@jCy@jBuAbCwArBc@j@u@x@gAdAsK`JaSbPyChCgU`RqQzN{DbDmGfFiBbBaBdBuOnQkJrKsFjG{BlC_EzDwBfBiCpBsCjBaExBgD|A_FjB{CbAiI|BcFzAyBn@qC~@gD~@mHxBuLjDkBp@_Dz@kC|@yBz@{FnCkElCeCbBcFfE_EdEgDdEwB`DqAxBw@vAeAvBqB~EeBjFuAlFcAvFk@hEc@xESlEkEdtAwPrlFmAb`@OnJAtGrAhvCrAv~C^|}@ArDQfHUfDmM~vAeMruAOv@a\rpDsJzdAmDd`@[pDe@lEKzAmCtYe@hG}AvVqAzRqBr[[hDe@~CgBhJyAjHgH|]k@`EWpCMlDiCniAsCvbA{C`nAgAdb@BjBRtBXzApNhg@rF~Qp@jCpBtGV|@pAxEbAhDpBdHVnARbBDtAC~BMzAIx@s@xCul@v}BY|AQhBCtB\jn@Lja@CzAGdBYfD{BxRyFhf@g@nC_UraAw@|EW`CyAhRu@vRBtBD`A~AjMz@vFd`@rfCLpAFtBGhBkFhbAO`Ba@~Cc@jCi@dC_Orm@Mj@UfBK`B?dBb@r[JvDPjBvBfN_Bs@qb@eU{Aw@oB{@kCaAMIuBs@cCaAyFsByIiDwBs@}FaC_Ai@uAcA_H_FgMcJiR}Mu@e@gDcC{IkGqAaAe@WqC_AmB_@eBQoBCoKTyILqKTwCB}FLmS^cED{b@x@kUb@wBJmEp@k@LkC|@iAd@iAj@sAx@gAv@gAbAkAlAaCfDm`@tq@sg@h|@_FxIqJhP_DvF_BfCsAdCaCbEsChFk@xBItAHhATrBbNfaA~@pGH|@HpBCvAQtB_@pBm@pBsDfHkFxJiI`PgNrWsAzCg@bBq@fDOdBIdB?xCLbCxBhRnHvm@N`B@`AAxAO`C[jBy@jC[l@kApBkAfBiAnBgEnGqP`XyCvEqC|Do@t@sBnAiDhBkL~FyDrBoL|Fsq@l]gMnGuKrFeN~GqHxDmXbNmFhC_DdB{A`A_JjGcIjG{DtCiLdGsHrDcElAgE|BgB|@q@Xe@Hq@D{IDke@BaAM_@@KHEJMfCs@YaCgA,"{'latitude': 15.6559947, 'longitude': -13.2545114}",True,users/XmFzQR56rMSTt02dgrudwbcJm6e2,"Fort de Podor, Podor, Sénégal",Louga,test_trip_1743018363382,2025-04-01 17:45:03.223183,2025-03-26 19:46:03.382000+00:00,3963.0
,2025-03-28 23:00:00+00:00,4249,86.727,2025-03-29T20:52:00+00:00,"{'latitude': 12.7136335, 'longitude': -15.5531314}",,1,"Des prises USB sont disponibles à bord pour recharger vos téléphones pendant le trajet, pensez juste à apporter votre câble!",2025-03-29T22:22:42+00:00,"Marché Central de Kolda, Marché central, Kolda, Sénégal",1,oxtmAzaezACV`Fl@?GtL~AxEfBbBbAd@Zx@r@bBfBzDxFvGvKxFfJ`BrChAbBdCxC~KhM|NzPlCdDxDnEz@~Ar@hB^fBTdBHlA?bCGjE?bAFpBP`CTvAh@bCX`AnAxCzLjY`DxGbGdKpJfNhFdI`C|DvBzCdApA|@z@vEtDdEtCxCjCnAnApAfBnArBfArBpAxCdDvI|BhHnBbI\jBjArIpDx[~AlWVdDJdDNhGC`IJhCbCjX`AbIj@lEp@jEn@fFhCrRRdCHhDD~HCrFD~CAbFLjCb@dEhAvJzCfWvAlL^|Bf@bCt@tCdAlDhBvEzBbFfBtD|DfHfBtC`AvAdArAfF~F~BrBdBlAhVtNzDzBzBzAhBxAbA|@pAtA~@lArAlBdAfBx@dBj@tAt@|BxDnOlAdE`@lA|D|MbBbFz@tBvBrErAfC|ChF~D|FjNxRfC~CtQrSfBtBxHhKnGzJlEhHlCvE`BnDdBjEz@hCnEjPrG~V`CnIbEdNjCtIz@|CnBbKhApGbAhEjAzDfAxCnCbHhItSlUvn@~BdH~BhIlFhTZ~BJdBBzBCbA_@|Dc@bEc@vEu@zEm@dC_BdFs@pB[fA_@|@kB~CwAnBuErFyEpGgDbF{H~LuHnL}FfJgApBuAnDSt@kAdGe@dCaAdHsCvUyA`Lu@hF_AzGYfBaAjD}FfQ{@jCm@bCWpA]jCOxB[`OIxFQvFQdIEzCI`CE~CKrAIl@e@bCi@tBM\uAtCiB~DuBbFmCdGm@|AkHbPqFbMs@nBe@lBwE|Ye@nBmCbIoDlK}@zCc@~ByBzPMjBC~ABnBdB|ZH|CBfBA~EGfGE`Ai@~DiChQcAfFiHfZw@jCq@bB}@`B}O~SsDxEkAbB{@vAwA|CkEnLMb@Kf@MdAwDxf@WtB_@~AWv@o@lA{Vb`@qLjReB~C{DbI[z@m@vByBrIWx@Sh@k@v@m@h@k@Xi\jM{EdBqJ~B_FlAsCz@eBr@y@^_g@~WkAv@cA~@{@fAu@rAs@rB]dBiDbUcIlh@gCfPc@dCs@dDg@jBm@nBmI|TmHtR}IdVwAfFi@pCQlAY|CQvCo@rOi@dIwFps@[lEIxD@bDP`Ev@nHxBtQzAdNfFpb@hDlXjKj|@nAtKZxBtAtMR|BPvC^pJj@dQ\vG\dEnAfMz@jG|A|JnHjf@nEb[t@nE|AzGhTp_An@pBxK|e@~c@doBlF~U|Hn]j@`DlDbZ~@lIrE|`@l@vEdBpPv@hGnOtsA~Dp]~Dn]vDp\zCrWxIzv@`O`qAxCzXrCxUx@zHvB~R|BnSd@vEJpCE|HSjF_BvXkBzZe@|H_Cp`@wA`WX?VFRRxRvk@~@vBrA`C`AlAjAnAv@r@lAz@~AbAlMjHxAx@hAf@lBp@lBd@vCd@fAJjCJbCAtI_@dMu@v\}AxFSlLk@`CClADjCV~AVtBn@hCz@dAd@t@d@xIdHvCjCdAfAbD~Dx@pAtArCp@|Ap@xB^jB`FtYf@xBb@xAbAbCz@|A~AdC`JtMrCdEr@hAj@jAfGtP`BzEh@nA|@|A~@nAfAbAzIpHJ\@RzD\dGd@`BHhVb@|L\xJ\pD^rBZhAXpC`AdFzAhEtApHxBdIdCfBd@dUtG`SxFxKdDzOpE~QpFrDbAhDfAlJjCnOrE~A\h@HhETtBGfKg@jFQvE_@jIg@|D[vEWvBSpIo@jBKnEi@hB[`G_B~Cw@lQwEvIcBjDk@jAOdEw@dAKpGWbAAhDFdBHbN\tAHnAAh@EtDi@pGaB`EkA~@]n@[hCkB~@u@tHkHbBuBp@cA|@qA`AmBlBiE_AiFcEoXzAS,"{'latitude': 12.8910313, 'longitude': -14.9406389}",True,users/ylKr6CvDqrh9uwhgfxTL4FXFNRC2,"Hôpital Régional, Sédhiou, Sénégal",Sédhiou,test_trip_1743018779393,2025-04-01 17:45:03.223212,2025-03-26 19:52:59.393000+00:00,2191.0
,2025-03-28 23:00:00+00:00,4518,83.915,2025-03-29T20:54:00+00:00,"{'latitude': 14.4633661, 'longitude': -17.0601259}",,1,"Je conduis prudemment et respecte toujours les limitations de vitesse, donc pas d’inquiétude si vous aimez les trajets tranquilles.",2025-03-29T22:11:00+00:00,"Aéroport international Léopold Sedar Senghor (DKR), Dakar, Sénégal",1,s`_yAf`wiBZoBSMEF]Dm@ZQGYg@QQMGkCe@kCk@O@OHEJWvAKJWNYFqCm@}@WmBw@}BoAeEeCqAs@gBw@qAe@_Dy@cFcAcCm@yAg@kB{@uBmAs@m@}@gAu@mA}@kBq@oBYaBMcAG{A@iBHiADc@Z{AbAwC^m@rGwHbD{Df@}@n@{AXgAJ}@@eBAiA?qBWiIB}DN{BR{A\eBl@yBh@uAv@}At@qAt@cA~AiBtDwCrJgH|CoClHcGh@a@^_@`DmCx@_AhA{AbAmBp@gBb@gB\sBfDe_@nCg[~A{P`AuKp@eIDc@j@oCTaA\gAXm@r@cA\a@z@o@`@SfA_@tA[j@I\M~@WRKj@o@Nk@Bq@CUOe@IOcAmAu@u@OIOCq@_Aq@u@EMqAqBq@wA_AeCG][aA_@wAi@qCyD{XcBqLmAkJsC{W}AiRSsCKiDByKBsFEyCMkEEcEFqBRwBRqA^_BdAcDvEuMhDyJv@cCl@yCZ}BNwBB{DIaC_@uD}@}GOy@]uAu@yB]{@}@eB{@_Bs@cBq@qBkF_R{@qDk@uC{@gFaFq[wBaMcB{Ha@_Bs@oCcCyHwSoj@eAaD{@{CyAqGwA_IyLws@gIqc@iAgH{@aHO{Au@eJ[oFMiEAsAIoECoHDeHLcHVkG`@oG`AyKvBmNnAwGvIc`@nCeNVyA`A}Gn@kFv@}HXyDrAmQh@}Hn@oIrDqg@\mDl@{EbAuFdAyExByHpDqK|D_LfAeDnC}HrAcE~AqEbE}LdDkJv@mCz@iDv@sDr@oEd@_E~BgQ|@sFz@eE~@yDdAqDrIeVd@gBj@yAd@iAvEiNb@sApAuEbBgI|@wEh@iDhA}Ft@uEt@aEj@qCfCmNbDqRbBeKlBuLp@wElCyP~AgKl@yDPmAbE{WlAqKZiEZ{HJmF@cBKcJI_De@kI[qEOkCQaC[{E}@iNiEio@uA{Se@cFq@wFs@eEk@uCkBqIaBiGsCsI}@eC_GqOaAgCiHkR{@uCa@{Aq@sD]cEKyDAwBNoDNyBh@sDj@aCp@aCbAmCr@_Bn@kAxCqEbBcCf@y@tAmCt@kBf@cBt@cDVmA\{CTgDByBIyb@AyDA}DD}CNiCRoB|@iFZqAhAiDl@{ApAkCp@oAv@iAnBcCdCcCtHwGxDgEdCaD~ByDfCaFxB_Gh@eBdAkEz@}Eb@iDN}ApBi[b@qFv@uKX}Dj@mIhAoQ`@uEf@qEv@wFTkD`@_ENkBn@wF^cFXoBhBcJn@oCfAoDpAaDdC}FbDwId@gBz@uDd@cBhF{UtEmXz@eEnAiFtDgNl@kB|FiTfAkEtEePjEqPrBkIrH}XnAaFbB}HtBoLjBoMnA_LpAqOj@oJRcHFgCNcIBeFAyKM{IIkDa@}Ig@sIu@yI}AqOUyCKiDCsCH{FT}FJeAx@uGv@aElAcFnAsDbAoCxBuE`AeB~BqDxBuCtB_ChCeC~@y@`CkB|CuBhE_CnB_ArB{@xE_BfD}@rCk@dEs@tD]|DYxDIxD?xDHvBJhFd@xF~@dCf@xH|BdO`FjJnCnG|AjDv@rBf@|FjAhK`BtJrAvGr@~L`ApKj@|JZrGLdG@zD@rOW`FOlFQjLa@dNa@hNe@|BIlJUrCK`IM`LEjNBxLRtRh@tBJ`Hb@jTbBtKpAnJjAdDb@lLrBdDn@lRlDdDn@`BXdFvA|Bx@lEjBjB~@`EhCx@j@bDnChAdAhDlDxFpGpDvDxD~CfDtB|DnBjBv@tQrG|WrJvDlAdDt@fDj@|Gt@pEP|C@fBCjES|CWbDa@`B]~EqAdFkB`EkBdAk@pEoChDkBdDuBfJiFxBeAnCaAnEoA`Do@lK{AhFs@pEcAbF}AfSoGlCu@~MiE`GqBnGmBvE}A~OeFhBi@`JwCjLqDfIiChT}GrBq@vGoBvj@oQtFcBlDmApC}@vGyBrCcAtGoChGsCdB{@dBcAbEyBxEqC`DoBjJuGdJsGpCmB|G_F~P}LdJsGvCwBjI{FrF_E~@o@PCxKgHh@[tAg@j@Kl@El@Cn@BxALjCZl@Fl@@^C^If@WVU\e@Rm@Fo@Aq@Ki@k@gAkBsCyCsEm@sAOk@Ik@Eq@?aAJmAPy@Ro@r@iAL]n@k@h@_@lAe@fBc@tBc@~BaAbA_A`@KbA_AjAwAr@gAXi@FAdANZRxGtFlJ|GtHjFnD|CxClDrAdB|FjIpFrHnBnCnFbHfF|F~DzDlAdAdCpBlDbCvKpHbD|BB@jD`CnEtCb@^zCpBbH|E^d@xFdExC|CjFpG|EfGxHnJn@z@rCxFpAbCxDhJrMt\nA|Cf@nAzEnKz@bB~D~IVf@Rf@Nj@@JFBt@dA|@vAZNz@v@|AjAZVx@`@hCnBZThAvA`A~ApCfHc@Tt@lB,"{'latitude': 14.7456395, 'longitude': -17.490339}",True,users/yBX5IlRHLVZATs82AQoRDfUyAsb2,"port de peche, Ngaparou, Mbour, Sénégal",Thiès,test_trip_1743018905426,2025-04-01 17:45:03.223243,2025-03-26 19:55:05.426000+00:00,1949.0
,2025-03-28 23:00:00+00:00,4619,113.844,2025-03-29T20:57:00+00:00,"{'latitude': 15.4006115, 'longitude': -15.1118478}",,1,"Si vous avez des besoins spécifiques (arrêt en cours de route, sensibilité à la musique ou autre), n’hésitez pas à me le dire à l’avance pour qu’on puisse s’organiser au mieux.",2025-03-29T22:45:50+00:00,"Grande Mosquée de Touba., MOSQUE, Touba, Sénégal",1,}~uyAzq{_BKa@Q?iCh@k@iCaDx@q@{CxEgAyIi]cBsGs@qCoBb@iBqIa@aBhBe@yCcNhKeCJEuDqXy@wFcBoLmBeO_AeHe@{Cg@{D_B_LiLkz@cDoVS}@a@mAc@}@}@mAm@i@eDqBy@_@[GsJoE}h@_VuWuLcVyKqIsDqCwAe|BedAig@mUmh@{UaeBcr@yCgAgCq@yJkBkT}DwA]cDeAoBw@yz@o_@kLaF{h@yPiAa@aAe@{B}Auo@ai@gA_AaAu@{@g@eBu@mTeI_C}@kPgGcIyC}IeDsDiB}KkHehAeu@gO_K_DyBiKoIqDyCgCgBwC{Aa`@}QeAo@}AmAuAuAe_@wb@eo@wt@_{@{kAiDuEsAqBsBoCgAiAwAeAa@WeGoCgCaA{HiDmhCwgA{CgBsBwAcdA}t@e_B_jAiKuHeD}B{c@y[mBiAmOyHmgAaj@gvB}eA_C{AcAcA_AoAuEsH}LkS_AyAeDwF}LaSio@_eAyDsGmHoL}n@sdA}@oA{FuGwi@gm@uSoUacAyhAsAiBw@oAiIqO{AoCgBeDuAgBy@y@mQyPqA{AgAcBud@it@}AoCmNsTka@ci@ea@{h@wD}E_BuB{AkB_Aw@uBkAkb@cRyFcC{IaEqw@w]sQeI_u@k\aGoCw]sO{OgHs\eO}D_BwAe@yEiAifAqUq\iHisCan@_FeAcCq@sLyDyMeEcFgByCgA}a@yO}\iMiBy@uAu@cBeAsz@ur@_G}EBOXkA^o@^}@ZgAbBuJ~@kFhByK`DeRjJ_j@bMct@RkBHkA@kBCe@mB}X]wEcD}e@_A_NeA}Og@yGWcCU_A_AiDc@iAo@oAyA_CwAgBaA}@oAaA_CsAgBy@yd@iPcEuAi@WoIwCqFqByE}AVeIzAcm@TaKRuFJ_GYqU?aG`@oQZoKLiGX_KTsK~@o_@HcF\yLTmKp@uXF{E\_KTaMNqDDsCHcBBkCJ{DJcCFoCt@_ZReMJiCDyCR{EF_EPuFF{DViHDaETqIBgD`@{MLwGJ}CBcCb@yMHmEAyEI}AgPg|AaAmJqCgWiMolAu@kH}@aHg@}CwAcHcAgEaJu\wJq^gPgm@{e@ugB{j@{tBcEyL_Lg\ea@skAu]ycA}GgSYkAm@sDu@wE_@yAs@iB[o@}i@{~@_Xad@a@w@c@cAg@eBYeBMyAsS_vEa@yHcA{USmDIqCqBac@WyGMyDBgC`@cHnDci@hAsPrEgq@~@}M\yFTwSN_NFkMRyPP}UDuDTiCbDiTl@wDdCuPf@}CL}@bAyG`DyS{AUaE{@oPoCd@}CmE}@F_@,"{'latitude': 14.8632694, 'longitude': -15.8753708}",True,users/JAb5jKqQfOae96UcqSRoPau679q2,"Hôpital maguette lo, Linguère, Sénégal",Louga,test_trip_1743019058368,2025-04-01 17:45:03.223278,2025-03-26 19:57:38.368000+00:00,2043.0
